0.78,0.14,13.69
0.97,0.72,77.445
0.97,0.05,20.276
0.27,0.96,15.346
0.86,0.58,42.139
0.31,0.39,5.4275
0.57,0.09,6.5223
0.92,0.96,107.77
0.2,0.84,9.7763
0.85,0.75,57.361
0.52,0.12,5.9775
0.34,0.25,4.582
0.51,0.86,25.78
0.68,0.89,45.59
0.26,0.38,4.6485
0.34,0.34,5.5034
0.27,0.41,5.1206
0.31,0.45,6.2571
0.2,0.5,4.9988
0.92,0.43,37.316
0.57,0.62,19.103
0.22,0.28,3.4141
0.79,0.39,23.349
0.75,0.2,14.282
0.36,0.52,8.3614
0.2,0.31,3.3822
0.02,0.14,1.3452
0.67,0.1,9.0196
0.03,0.42,2.5645
0.45,0.38,8.1771
0.17,0.44,3.9215
0.73,0.52,25.184
0.08,0.7,5.1569
0.65,0.9,42.552
0.84,0.21,18.822
0.44,0.81,18.863
0.73,0.02,9.3188
0.8,0.43,26.025
0.25,0.35,4.1841
0.89,0.86,80.728
0.83,0.5,32.774
0.06,0.42,2.8102
0.81,0.78,53.956
0.12,0.6,4.8898
0.58,0.34,11.372
0.02,0.73,4.5614
0.64,0.22,10.581
0.74,0.68,35.867
0.23,0.57,6.2738
0.91,0.47,39.391
0.89,0.28,25.258
0.11,0.92,8.7666
0.04,0.53,3.304
0.21,0.24,2.8992
0.21,0.62,6.4936
0.73,0.83,46.979
0.86,0.42,30.452
0.39,0.1,3.9552
0.8,0.52,31.246
0.8,1,81.461
0.19,0.01,1.8167
0.76,0.2,14.505
0.89,0.52,40.834
0.97,0.96,125.16
0.3,0.98,17.378
0.15,0.76,7.1894
0.23,0.77,9.3009
0.53,0.46,12.308
0.84,0.29,22.215
0.6,0.58,19.299
0.07,0.07,1.2507
0.78,0.46,25.92
0.88,0.79,68.098
0.35,0.03,3.0267
0.93,0.71,67.324
0.63,0.67,25.266
0.99,0.62,67.382
0.28,0.86,12.873
0.1,0.13,1.7547
0.57,0.94,36.282
0.7,0.11,10.085
0.76,0.91,60.365
0.9,0.13,19.282
0.82,0.54,34.454
0.24,0.75,9.2317
0.59,0.66,21.943
0.93,0.51,45.135
0.68,0.84,41.289
0.37,0.26,5.0977
0.86,0.52,37.316
0.47,0.4,9.106
0.88,0.77,65.374
0.18,0.03,1.8259
0.57,0.22,8.6351
0.58,0.54,16.837
0.31,0.82,13.027
0.54,0.38,10.802
0.27,0.14,3.0531
0.81,0.08,13.277
0.01,0.06,1.216
0.26,0.54,6.5348
0.37,0.36,6.2599
0.29,0.33,4.6407
0.93,0.46,40.808
0.69,0.23,12.47
0.48,0.37,8.8503
0.1,0.96,9.2211
0.96,0.19,26.015
0.86,0.25,21.786
0.21,0.61,6.413
0.19,0.92,11.083
0.57,0.74,24.326
0.2,0.15,2.5127
0.39,0.68,12.609
0.75,0.42,21.988
0.55,0.09,6.3784
0.44,0.36,7.7834
0.82,0.42,27.129
0.15,0.22,2.3833
0.72,0.91,53.534
0.71,0.28,14.716
0.34,0.72,11.764
0.09,0.53,3.7511
0.06,0.57,3.6723
0.8,0.61,37.404
0.03,0.09,1.3876
0.18,0.65,6.328
0.56,0.25,8.839
0.77,0.73,43.415
1,0.03,21.289
0.84,0.32,23.667
0.56,0.01,5.4522
0.39,0.31,6.0165
0.68,0.3,14.077
0.57,0.3,10.127
0.41,0.88,19.958
0.47,0.3,7.5018
0.35,0.23,4.5209
0.74,0.66,34.353
0.02,0.04,1.1582
0.93,0.18,23.346
0.77,0.48,26.32
0.29,0.74,10.451
0.38,0.39,6.7676
0.88,0.12,17.82
0.66,0.05,7.9905
0.5,0.78,21.387
0.72,0.26,14.597
0.52,0.81,24.111
0.38,0.05,3.4467
0.79,0.17,15.06
0.57,0.25,9.0853
0.22,0.52,5.4268
0.29,0.98,17
0.02,0.68,4.1558
0.96,0.81,89.855
0.92,0.42,36.523
1,0.14,26.516
0.33,0.05,2.9541
0.34,0.31,5.2168
0.42,0.11,4.3755
0.16,0.18,2.2988
0.68,0.08,9.0349
0.4,0.07,3.8505
0.82,0.28,20.46
0.84,0.88,72.338
0.04,0.8,5.6212
0.5,0.51,12.491
0.98,0.96,129.02
0.63,0.29,11.797
0.53,0.74,21.476
0.75,0.66,35.465
0.5,0.46,11.288
0.99,0.48,50.889
0.37,0.29,5.3081
0.38,0.62,10.858
0.69,0.1,9.6881
0,0.5,2.7645
0.28,0.1,2.7431
0.94,0.4,37.358
0.68,0.86,42.985
0.64,0.98,48.405
0.14,0.31,2.7888
0.38,0.88,18.19
0.76,0.8,48.399
0.09,0.98,9.3527
0.27,0.97,15.603
0.52,0.59,15.49
0.77,0.78,47.893
0.31,0.88,14.767
0.45,0.71,16.02
0.98,0.01,19.368
0.08,0.1,1.5486
0.62,0.91,39.704
0.93,0.37,34.195
0.99,0.49,51.865
0.41,0.83,17.938
0.15,0.15,2.1356
0.1,0.16,1.8905
0.54,0.33,9.7422
0.33,0.35,5.538
0.52,0.13,6.23
0.13,0.78,7.0712
0.85,0.74,56.148
0.69,0.76,36.309
0.19,0.58,5.51
0.89,0.83,75.878
0.72,0.37,18.176
0.32,0.42,6.0459
0.59,0.61,19.836
0.57,0.91,34.125
0.02,0.27,1.947
0.38,0.92,19.72
0.79,0.81,54.047
0.45,0.44,9.223
0.56,0.45,13.176
0.62,0.66,24.15
0.92,0.66,59.14
0.82,0.61,39.691
0.84,0.89,73.674
0.27,0.84,12.051
0.82,0.36,24.054
0.21,0.25,3.1787
0.16,0.59,5.3102
0.66,0.53,20.951
0.51,0.22,7.1878
0.28,0.18,3.2169
0.83,0.6,39.915
0.57,0.98,39.219
0.76,0.4,21.841
0.76,0.22,15.084
0.76,0.96,66.668
0.01,0.83,5.4334
0.41,0.06,3.8096
0.97,0.14,24.326
0.44,0.38,7.8664
0.35,0.89,16.877
0.67,0.09,8.9346
0.49,0.36,8.8756
0.82,0.35,23.562
0.75,0.96,64.767
0.33,0.91,16.662
0.6,0.6,20.072
0.48,0.23,6.7167
0.07,0.18,1.7206
0.46,0.64,14.147
0.93,0.56,50.014
0.74,0.87,52.53
0.48,0.11,5.2635
0.12,0.54,4.2793
0.58,0.07,6.5983
0.16,0.98,11.486
0.75,0.09,11.347
0.67,0.12,9.4635
0.71,0.11,10.542
0.5,0.3,8.0679
0.42,0.45,8.6879
0.41,0.9,20.703
0.61,0.09,7.423
0.38,0.1,3.8056
0.46,0.14,5.1709
0.22,0.05,2.1323
0.59,0.82,30.335
0.07,0,1.2182
0.83,0.35,24.254
0.1,0.66,5.0559
0.02,0.51,2.9721
0.65,0.21,10.667
0.61,0.19,9.0098
0.67,0.71,30.959
0.48,0.13,5.4447
0.76,0.59,31.866
0.28,0.21,3.472
0.6,0.23,9.5508
0.69,0.83,41.717
0.97,0.22,28.478
0.73,0.07,10.238
0.18,0.7,6.8754
0.71,0.22,13.104
0.23,0.87,11.322
0.99,0.1,23.748
0.18,0.67,6.5065
0.82,0.15,15.858
0.71,0.52,23.74
0.45,0.19,5.64
0.32,0.59,8.4324
0.39,0.43,7.5945
0.01,0.16,1.3353
0.86,0.11,16.507
0.39,0.63,11.38
0.14,0.69,6.0893
0.02,0.52,2.9514
0.79,0.18,15.199
0.23,0.67,7.5278
0.48,0.69,16.946
0.58,0.22,8.9411
0.79,0.5,29.09
0.15,0.77,7.3144
0.87,0.21,20.653
0.03,0.77,5.0512
0.19,0.49,4.6793
0.42,0.2,5.412
0.61,0.37,13.036
0.85,0.31,23.722
0.31,0.7,10.287
0.58,0.98,40.408
0.33,0.14,3.617
0.24,0.77,9.6093
0.84,0.85,68.101
0.25,0.65,7.7866
0.66,0.17,10.242
0.46,0.38,8.487
0.55,0.73,22.431
0.51,0.65,17.021
0.45,0.32,7.3265
0.65,0.28,12.279
0.87,0.01,13.859
0.9,0.22,23.025
0.81,1,83.909
0.02,0.69,4.255
0.49,0.99,31.463
0.06,0.26,1.9608
0.76,0.69,38.799
0.4,0.7,13.434
0.03,0.51,3.0196
0.15,0.87,8.8981
0.86,0.81,66.68
0.76,0.34,19.287
0.11,0.03,1.4419
0.93,0.9,98.473
0.42,0.49,9.4635
0.39,0.05,3.5821
0.91,0.8,75.856
0.28,0.81,11.687
0.16,0.67,6.1469
0.98,0.07,21.641
0.32,0.48,6.7975
0.13,0.62,5.1798
0.44,0.94,24.544
0.58,0.01,5.825
0.38,0.04,3.3715
0.79,0.79,51.899
0.67,0.36,15.373
0.01,0.78,5.0241
0.51,0.42,10.723
0.64,0.06,7.6322
0.08,0.08,1.4207
0.89,0.77,67.315
0.75,0.11,11.835
0.28,0.48,5.976
0.13,0.68,5.8017
0.29,0.23,3.742
0.6,0.32,11.39
0.39,0.72,13.566
0.25,0.06,2.3245
0.53,0.35,9.8938
0.39,0.04,3.5382
0.29,0.4,5.222
0.91,0.91,94.555
0.95,0.66,64.836
0.71,0.1,10.315
0.63,0.03,6.8991
0.51,0.67,17.611
0.9,0.71,61.546
0.71,0.38,17.99
0.4,0.58,10.537
0.64,0.78,32.369
0.7,0.35,16.45
0.95,0.87,98.467
0.63,0.49,17.611
0.45,0.59,12.636
0.6,0.96,41.199
0.54,0.02,5.2303
0.29,0.35,4.7358
0.08,0.65,4.6869
0.52,0.83,24.948
0.83,0.23,19.154
0.05,0.88,6.6696
0.76,0.14,12.854
0.76,0.77,45.598
0.5,0.69,17.875
0.77,0.08,11.835
0.94,0.82,86.504
0.64,0.19,9.981
0.51,0.72,19.513
0.44,0.9,22.566
0.11,0.18,1.9667
0.08,0.12,1.6799
0.9,0.89,88.235
0.29,0.27,4.1923
0.09,0.49,3.5736
0.94,0.77,78.27
0.02,0.05,1.167
0.37,0.8,14.87
0.98,0.26,31.668
0.95,0.48,45.103
0.93,0.97,113.23
0.94,0.34,33.191
0.05,0.27,1.9381
0.48,0.56,12.971
0.01,0.85,5.6608
0.52,0.17,6.5763
0.69,0.03,8.3919
0.39,0.8,15.937
0.51,0.9,27.935
0.65,0.09,8.4221
0.29,0.37,5.0332
0.93,0.25,26.802
0.58,0.8,28.201
0.39,0.56,9.8779
0.01,0.12,1.2966
0.41,0.91,21.082
0.98,0.75,84.855
0.4,0.37,6.9756
0.26,0.73,9.4231
0.41,0.39,7.4915
0.96,0.42,41.295
0.17,0.09,2.044
0.5,0.24,7.3137
0.52,0.22,7.3408
0.47,0.27,7.0613
0.23,0.22,3.118
0.3,0.51,6.7746
0.55,0.34,10.239
0.68,0.01,7.8926
0.66,0.42,16.698
0.81,0.16,15.627
0.58,0,5.7549
0.89,0.15,19.589
0.12,0.14,1.8683
0.05,0.31,2.0969
0.15,0.74,6.9567
0.01,0.77,4.7997
0.16,0.41,3.5899
0.83,0.79,58.596
0.05,0.53,3.4165
0.38,0.47,7.9813
0.41,0.6,11.317
0.11,0.58,4.3986
0.93,0.02,17.011
0.05,0.68,4.563
0.8,0.88,63.975
0.1,0.56,4.161
0.17,0.39,3.6582
0.73,0.29,15.971
0.43,0.45,8.9476
0.19,0.66,6.6213
0.22,0.15,2.6492
0.06,0.7,4.8637
0.95,0.1,21.212
0.72,0.75,38.84
0.95,0.18,24.799
0.76,0.06,10.973
0.11,0.08,1.6205
0.91,0.13,19.834
0.81,0.46,28.563
0.46,0.5,10.871
0.74,0.53,26.504
0.62,0.87,36.639
0.6,0.77,28.208
0.67,0.88,43.392
0.65,0.07,8.1004
0.88,0.33,27.075
0.23,0.18,2.8014
0.22,0.13,2.571
0.28,0.46,5.8822
0.06,0.46,3.1468
0.17,0,1.6221
0.29,0.15,3.2504
0.37,0.83,15.956
0.35,0.86,16.074
0.14,0.81,7.7221
0.51,0.45,11.38
0.58,0.41,12.953
0.43,0.27,6.1932
0.21,0.02,2.0344
0.03,0.03,1.017
0.61,0.7,25.35
0.75,0.94,62.163
0.92,0.02,16.462
0.55,0.9,31.522
0.78,0.99,75.172
0.73,0.55,26.878
0.56,0.12,6.7571
0.13,0.29,2.6196
0.03,0.43,2.6581
0.04,0.24,1.7463
0.96,0.37,37.28
0.11,0.94,9.2042
0.48,0.9,25.494
0.05,0.93,7.4838
0.85,0.02,13.355
0.97,0.9,111
0.08,0.62,4.3358
0.96,0.53,51.419
0.27,0.67,8.6012
0.87,0.09,16.291
0.94,0.88,97.474
0.84,0.31,23.033
0.8,0.23,17.439
0.76,0.23,15.467
0.76,0.33,18.933
0.22,0.17,2.7726
0.27,0.42,5.1195
0.87,0.02,14.256
0.82,0.93,75.179
0.26,0.01,2.1405
0.03,0.92,6.873
0.87,0.89,80.593
0.71,0.69,33.385
0.04,0.26,1.9382
0.33,0.39,5.8272
0.56,0.81,27.179
0.62,0.44,15.397
0.62,0.52,18.248
0.2,0.24,2.9614
0.09,1,9.6068
0.45,0.78,18.305
0.36,0.76,13.471
0.7,0.41,18.627
0.64,0.12,8.6251
0.33,0.34,5.2925
0.04,0.56,3.6078
0.65,0.5,19.099
0.42,0.26,5.9814
0.66,0.24,11.713
0.88,0.83,73.726
0.66,0.1,8.852
0.05,0.06,1.2702
0.46,0.71,16.419
0.99,0.86,108.9
0.83,0.39,26.324
0.26,0.7,8.8959
0.16,0.91,9.908
0.86,0.8,65.307
0.68,0.51,21.267
0.66,0.21,11.025
0.44,0.47,9.6128
0.05,0.25,1.9158
0.79,0.94,70.098
0.35,0.61,9.704
0.92,0.56,48.399
0.06,0.29,2.2578
0.51,0.59,15.1
0.12,0.66,5.4904
0.99,0.79,94.647
0.28,0.95,15.466
0.73,0.9,53.944
0.69,0.24,12.855
0.53,0.31,9.0215
0.34,0.84,14.794
0.77,0.44,24.11
0.56,0.31,9.9378
0.89,0.41,32.725
0.06,0.23,1.9054
0.8,0.42,25.477
0.56,0.21,8.1552
0.27,0.95,14.927
0.67,0.34,14.675
0.84,0.01,12.606
0.13,0.23,2.4106
0.97,0.39,40.037
0.27,0.13,2.9657
0.6,0.82,31.1
0.36,0.66,11.068
0.9,0.58,47.482
0.96,0.3,32.423
0.71,0.77,39.197
0.51,0.03,4.8817
0.54,0.19,7.4017
0.84,0.65,45.613
0.07,0.88,7.2556
0.93,0.96,111
0.61,0.45,15.27
0.16,0.23,2.429
0.34,0.5,7.4728
0.02,0.89,6.2199
0.63,0.56,20.308
0.38,0.74,13.716
0.02,0.72,4.4025
0.55,0.08,6.0546
0.19,0.75,7.9203
0.77,0.19,14.716
0.71,0.19,12.339
0.41,0.03,3.5808
0.12,0.47,3.6368
0.36,0.16,4.0525
0.2,0.9,11.06
0.7,0.92,51.466
0.57,0.03,5.946
0.02,0.9,6.4414
0.18,0.02,1.6895
0.56,0.54,15.79
0.37,0.4,6.8341
0.08,0.14,1.8048
0.44,0.21,5.7509
0.42,0.76,16.122
0.93,0.49,43.376
0.34,0.67,10.588
0.56,0.65,19.719
0.33,0.61,9.1721
0.13,0.71,6.1789
0.51,0.38,9.9219
0.67,0.05,8.2886
0.24,0.86,11.39
0.97,0.5,49.866
0.9,0.74,65.392
0.1,0.04,1.4654
0.45,0,3.8974
0.68,0.58,24.533
0.74,0,9.0983
0.88,0.24,22.555
0.45,0.97,26.814
0.1,0.37,2.8179
0.81,0.83,59.753
0.63,0.61,22.431
0.38,0.54,9.1489
0.92,1,116.7
0.75,0.53,27.435
0.82,0.19,17.129
0.65,0.83,37.047
0.28,0.82,11.978
0.01,0.73,4.4547
1,0.79,97.37
0.09,0.15,1.7253
0.52,0.69,18.993
0.96,0.55,53.513
0.4,0.66,12.444
0.23,0.34,3.8317
0.15,0.01,1.5412
0.86,0.38,28.252
0.49,0.01,4.3485
0.46,0.21,6.0148
0.63,0.59,21.558
0.23,0.33,3.8517
0.36,0.91,18.14
0.36,0.63,10.316
0.48,0.12,5.3618
0.73,0.89,53.026
0.26,0.57,6.7715
0.13,0.3,2.7407
0.9,0.8,73.65
0.48,0.45,10.382
0.38,0.41,7.1221
0.91,0.46,38.534
0.78,0.24,16.645
0.95,0.63,60.901
0.64,0.34,13.486
0.61,0.97,43.433
0.79,0.67,40.742
0.54,0.29,9.0286
0.36,0.37,6.1985
0.66,0.83,38.074
0.06,0.66,4.3653
0.21,0.56,5.75
0.65,0.61,23.856
0.34,0.61,9.3652
0.31,0.1,3.1661
0.37,0.86,16.955
0.84,0.51,34.564
0.85,0.37,26.876
0.83,0.61,40.913
0.72,0.69,34.381
0.16,0.38,3.4215
0.14,0.12,1.9958
0.26,0.99,15.9
0.81,0.76,52.023
0.83,0.64,43.336
0.89,0.61,48.906
0.9,0.69,59.114
0.39,0.73,13.877
1,0.82,103.61
0.35,0.99,20.762
0.67,0.22,11.595
0.42,0.95,23.562
0.95,0.04,18.661
0.99,0.29,34.736
0.85,0.95,85.626
0.71,0.33,16.302
0.39,0.39,7.0827
0.55,0.74,22.773
0.14,0.38,3.2515
0.61,0.43,14.733
0.8,0.66,41.295
0.49,0.5,11.878
0.28,0.34,4.6542
0.97,0.73,78.995
0.56,0.06,6.0598
0.26,0.91,13.421
0.66,0.81,36.658
0.13,0.37,3.1992
0.79,0.24,17.355
0.78,0.59,33.764
0.63,0.32,12.553
0.55,0.92,32.767
0.43,0.88,21.096
0.09,0.19,1.8798
0.52,0.76,21.761
0.92,0.6,52.352
0.86,0.89,78.207
0.01,0.14,1.4684
0.86,0.78,62.835
0.5,0.71,18.457
0.56,0.66,20.082
0.31,0.6,8.4321
0.28,0.98,16.554
0.49,0.64,15.642
0.85,0.18,18.348
0.03,0.4,2.4552
0.58,0.55,17.152
0.2,0.05,2.0516
0.23,0.49,5.3788
0.44,0.8,18.564
0.04,0.85,6.1435
0.32,0.11,3.2653
0.4,0.78,15.862
0.26,0.64,7.8174
0.11,0.98,9.9213
0.38,0.71,13.085
0.92,0.94,103.59
0.07,0.16,1.6773
0.94,0.69,66.669
0.17,0.79,7.9787
0.92,0.16,21.716
0.67,0.87,42.536
0.62,0.05,7.1655
0.15,0.18,2.238
0.68,0.95,51.312
0.11,0.06,1.5858
0.88,0.38,29.962
0.34,0.4,6.2099
0.59,0.42,13.689
0.25,0.3,3.9489
0.28,0.33,4.5349
0.8,0.78,52.51
0.7,0.75,36.678
0.49,0.07,5.0811
0.71,0.57,26.303
0.27,0.4,4.8723
0.12,0.35,2.8895
0.05,0.75,5.2701
0.55,0.3,9.4407
0.61,0.84,33.323
0.04,0.96,7.6281
0.73,0.53,25.765
0.08,0.16,1.7735
0.34,0.71,11.476
0.13,0.41,3.3739
0.63,0.39,14.5
0.57,0.38,11.729
0.52,0.48,12.412
0.22,0.48,5.0622
0.03,0.78,5.2479
0.92,0.75,70.736
0.05,0,1.1471
0.41,0.77,15.964
0.38,0.4,7.0806
0.64,0.44,16.36
0.75,0.46,23.785
0.49,0.54,12.697
0.8,0.59,35.966
0.81,0.36,23.279
0.93,0.5,44.312
0.4,0.38,7.0613
0.61,0.39,13.565
0.6,0.74,26.623
0.78,0.83,54.605
0.85,0.03,13.72
0.41,0.76,15.746
0.45,0.45,9.5033
0.89,0.67,55.1
0.62,0.93,41.279
0.17,0.32,3.1942
0.22,0.39,4.2127
0.96,0.75,79.826
0.31,0.14,3.3598
0.82,0.41,26.624
0.19,0.16,2.4313
0.57,0.13,7.1474
0.02,0.34,2.1862
0.57,0.85,30.2
0.93,0,16.298
0.58,0.09,6.7712
0.74,0.62,31.879
0.83,0.04,13.201
0.38,0.73,13.389
0.62,0.54,18.9
0.94,0.6,55.682
0.11,0.05,1.474
0.42,0.87,20.09
0.64,0.37,14.301
0.05,0.64,4.2007
0,0.38,2.0717
0.71,1,62.172
0,0.18,1.4252
0.83,0.28,20.994
0.12,0.27,2.406
0.33,0.27,4.5869
0.47,0.39,8.906
0.4,0.02,3.5054
0.35,0.48,7.352
0.29,0.8,11.825
0.15,0.35,3.1694
0.48,0.52,11.904
0.94,0.2,25.079
0.69,0.07,9.1151
0.87,0.94,89.169
0.96,0.15,23.948
0.78,0.36,21.342
0.19,0.78,8.5505
0.7,0.23,12.883
0.84,0.59,40.394
0.11,0.72,5.8285
0.45,0.05,4.2407
0.67,0.41,17.022
0.17,0.08,1.9633
0.66,0.41,16.444
0.84,0.78,59.097
0.06,0.53,3.4514
0.65,0,7.1085
0.57,0.64,19.876
0.46,0.92,24.973
0.91,0.37,31.981
0,0.99,7.2419
0,0.94,6.5696
0.22,0.69,7.6098
0.51,0.33,8.8749
0.01,0.05,1.0973
0.72,0.6,28.71
0.57,0.81,28.059
0.75,0.12,12.11
0.83,0.99,87.4
0.63,0.91,40.815
0.73,0.67,34.083
0.78,0.77,48.417
0.77,0.87,57.351
0.29,0.7,9.7148
0.47,0.61,13.894
0.65,0.46,17.553
0.06,0.39,2.5626
0.31,0.91,15.52
0.69,0.21,12.092
0.68,0.52,21.698
0.89,0.09,17.297
0.84,0.94,81.507
0.7,0.67,31.133
0.29,0.87,13.558
0,0.63,3.5386
0.76,0.78,46.551
0.44,0.37,7.7839
0.11,0.77,6.4164
0.27,0.81,11.401
0.81,0.84,60.937
0.87,0.52,38.506
0.2,0.85,9.9712
1,0.12,25.428
0.99,0.72,82.183
0.04,0.57,3.5117
0.43,0.8,18.011
0.12,0.28,2.427
0.25,0.11,2.6909
0.97,0.32,34.785
0.91,0.14,20.291
0.38,0.94,20.462
0.62,0.33,12.407
0.23,0.55,6.0245
0.85,0.04,13.844
0,0.12,1.1451
0.1,0.99,9.6298
0.8,0.95,73.673
0.3,0.17,3.5388
0.37,0.34,6.0101
0.46,0.55,11.965
0.96,0.7,72.285
0.52,0.66,17.773
0.81,0.63,39.968
0.74,0.04,9.987
0.08,0.31,2.3528
0.45,0.29,6.935
0.5,0.56,13.673
0.64,0.33,13.198
0.52,0.84,25.537
0.56,0.14,7.1537
0.47,0.7,16.639
0.11,0.19,2.0906
0.33,0.64,9.7393
0.41,0.08,4.1017
0.88,0.48,36.577
0.52,0.63,16.835
0.84,0.75,55.69
0.16,0.65,5.9654
0.53,0.84,26.256
0.36,0.6,9.7107
0.04,0.25,1.8378
0.32,0.82,13.548
0.1,0.38,2.8518
0.44,0.64,13.412
0.3,0.07,2.7947
0.21,0.37,3.9897
0.64,0.71,28.333
0.95,0.41,39.346
0.77,0.29,18
0.97,0.26,30.801
0.21,0.26,3.3072
0.98,0.54,55.787
0.49,1,32.101
0.7,0.27,14.065
0.03,0.52,3.0538
0.44,0.15,5.078
0.78,0.65,38.195
0.59,0.15,7.9337
0.91,0.42,35.55
0.76,1,72.286
0.53,0.17,6.8568
0.99,0.81,98.462
0.92,0,15.806
0.14,0.8,7.6012
0.74,0.99,66.781
0.82,0.89,69.368
0.21,0.87,10.653
0.74,0.63,32.453
0.33,0.04,2.9897
0.6,0.16,8.2948
0.67,0.76,34.151
0.82,0.65,42.945
0.07,0.48,3.3007
0.35,0.06,3.1925
0.04,0.35,2.4047
0.36,0.82,15.206
0.82,0.46,29.31
0.16,0.83,8.3102
0.8,0.33,21.384
0.96,0.22,27.729
0.67,0.43,17.615
0.92,0.3,28.903
0.1,0.7,5.5079
0.2,0.37,3.8557
0.69,0.95,52.941
0.3,0.45,6.009
0.69,0.2,11.846
0.57,0.78,26.373
0.82,0.1,14.346
0.59,0.88,34.039
0.16,0.12,1.995
0.09,0.89,7.7352
0.97,0.42,42.52
0,0.73,4.3393
0.05,0.58,3.7783
0.48,0.32,8.0047
0.13,0.27,2.5735
0.9,0.94,97.58
0.6,0.25,9.9516
0.57,0.76,25.235
0.94,0.57,52.457
0.24,0.5,5.5078
0.9,0.78,70.834
0.33,0.24,4.3356
0.26,0.58,6.997
0.99,0.01,20.02
0.94,0.27,28.858
0.18,0.58,5.4694
0.78,0.23,16.396
0.31,0.96,17.414
0.97,0.62,63.451
0.69,0.68,30.981
0.38,0.38,6.6749
0.29,0.01,2.4444
0.54,1,37.282
0.68,0.61,26.139
0.33,0.82,13.836
0.99,0.19,28.519
0.68,0.06,8.611
0.86,0.82,67.981
0.53,0.36,10.09
0.28,0.92,14.502
0.83,0.62,41.627
0.88,0.97,97.491
0.71,0.65,30.814
0.02,0.8,5.3007
0.52,0.5,12.938
0.35,0.65,10.477
0.5,0.19,6.3678
0.78,0.88,60.298
0.83,1,89.096
0.11,0.47,3.5229
0.98,0.06,21.272
0.73,0.23,14.258
0.61,0.95,41.688
0.67,0.95,49.81
0.03,0.12,1.4143
0.8,0.83,57.983
0.71,0.85,46.023
0.05,0.48,3.0778
0.13,0.75,6.6465
0.97,0.54,54.141
0,0.2,1.4421
0.89,0.17,20.304
0.99,0.32,37.025
0.19,0.52,4.9986
1,0.07,23.093
0.32,0.9,15.715
0.3,0.93,15.8
0.55,0.69,20.67
0.29,0.26,4.0843
0.15,0.16,2.1636
0.45,0.4,8.5636
0.71,0.8,41.685
0.46,0.11,4.9642
0.14,0.67,5.7355
0.87,0.78,64.685
0.03,0.1,1.2873
0.07,0.01,1.2292
0.3,0.58,7.9317
0.71,0.34,16.609
0.42,0.33,6.9242
0.67,0.62,25.866
0.14,0.78,7.2414
0.39,0.42,7.5694
0.99,0.08,22.875
0.19,0.91,10.939
0.9,0.29,26.548
0.96,0.09,21.365
0.13,0.98,10.435
0.1,0.45,3.3385
0.22,0.1,2.4464
0.31,0.47,6.4515
0.07,0.17,1.7193
0.1,0.49,3.6482
0.11,0.86,7.7603
0.33,0.76,12.303
0.6,0.35,12.21
0.29,0.48,6.1968
0.51,0.07,5.3688
0.38,0.48,8.0721
0.76,0.73,42.092
0.79,0.41,24.267
0.02,0.08,1.2604
0.86,0.15,17.746
0,0.68,3.8048
0.97,0.06,20.681
0.08,0.75,5.7403
0.76,0.97,68.048
0.6,0.01,6.2212
0.7,0.95,54.523
0.07,0.57,3.9015
0.39,0.57,10.108
0.53,0.06,5.4707
0.04,0.93,7.1855
0.59,0.86,32.85
0.6,0.27,10.397
0.27,0.69,8.9952
0.7,0.66,30.534
0.91,0.38,32.781
0.42,0.13,4.5654
0.87,0.32,25.815
0.9,0.51,41.331
0.43,0.76,16.648
0.79,0.87,60.978
0.42,0.04,3.9
0.91,0.6,50.885
0.61,0.12,7.9282
0.29,0.62,8.2337
0.41,0.07,3.963
0.81,0.93,73.035
0.51,0.12,5.9315
0.86,0.37,27.813
0.4,0.35,6.6687
0.05,0.57,3.7255
0.74,0.33,17.865
0.3,0.89,14.603
0.85,0.49,34.181
0.22,0.86,10.787
0.89,0.3,26.298
0.95,0.27,29.614
0.31,0.61,8.6024
0.43,0.28,6.3691
0.4,0.94,21.799
0.92,0.55,47.567
0.68,0.91,47.394
0.31,0.74,11.07
0.29,0.54,7.1206
0.98,0.02,19.698
0.9,0.47,38.08
0.74,0.52,26.042
0.08,0.72,5.3421
0.9,0.33,28.717
0.11,0.6,4.6185
0.78,0.72,43.807
0.06,0.51,3.3673
0.71,0.44,20.346
0.89,0.05,15.936
0.16,0.07,1.8473
0.68,0.92,48.486
0.96,0.63,62.726
0.05,0.12,1.4118
0.08,0.34,2.4854
0.01,0.18,1.4383
0.29,0.84,12.777
0.13,0.49,4.045
0.77,0.05,11.109
0.96,0.88,103.52
0.15,0.62,5.5255
0.14,0.22,2.4188
0.66,0.74,31.751
0.18,0.68,6.7321
0.56,0.74,23.47
0.75,0.23,15.007
0.67,0.77,34.888
0.11,0.57,4.314
0.66,0.09,8.6055
0.7,0.03,8.6323
0.87,0.99,98.436
0.2,0.92,11.458
0.61,0.27,10.716
0.72,0.08,10.17
0.11,0.42,3.24
0.18,0.97,11.965
0.88,0.21,21.382
0.12,0.69,5.6429
0.93,0.74,71.552
0.84,0.07,14.323
0.01,0.48,2.6842
0.48,0.74,18.561
0.72,0.19,12.691
0.93,0.21,24.758
0.92,0.37,33.157
0.84,0.2,18.502
0.75,0.34,18.685
0.92,0.1,19.27
0.99,0.63,68.726
0.63,0.9,40.064
0.91,0.74,67.375
0.58,0.27,9.8583
0.41,0.59,11.097
0.84,0.37,26.112
0.97,0.31,34.094
0.47,0.8,20.402
0.88,0.09,16.797
0.19,0.88,10.147
0.85,0.99,92.75
0.03,0.99,8.0095
0.36,0.9,17.776
0.71,0.76,38.591
0.92,0.82,81.342
0.95,0.24,28.005
0.19,0.45,4.3656
0.63,0.8,32.881
0.42,0.48,9.1508
0.68,0.75,34.521
0.4,0.42,7.6959
0.59,0.5,15.971
0.65,0.53,20.356
0.8,0.14,14.421
0.1,0.68,5.3308
0.98,0.93,121.48
0.4,0.64,11.924
0.41,0.18,4.9105
0.4,0.03,3.5866
0.67,0.8,37.025
0.6,0.95,40.377
0.62,0.1,7.8982
0.02,0.58,3.4617
0.02,0.53,3.0031
0.72,0.68,33.882
0.2,0.29,3.2938
0,1,7.4516
0.59,0.2,8.7576
0.15,0.55,4.7745
0.06,0.69,4.7858
0.34,0.46,6.8754
0.1,0.01,1.2487
0.83,0.75,53.946
0.69,0.44,19.087
0.77,0.16,13.725
0.44,0.25,6.153
0.13,0.86,8.2161
0.66,0.54,21.409
0.23,0.64,7.1644
0.13,0.96,10.074
0.85,0.53,36.881
0.31,0.87,14.52
0.01,0.62,3.5468
0.16,0.29,2.911
0.92,0.14,20.847
0.39,0.5,8.772
0.14,0.48,3.8609
0.88,0.89,83.056
0.28,0.74,10.11
0.57,0.65,20.205
0.32,0.21,3.9396
0.37,0.25,4.9821
1,0.59,65.386
0.31,0.98,18.08
0.22,0.16,2.7013
0.61,0.14,8.2911
0.86,0.99,95.553
0.21,0.54,5.4703
0.56,0.51,14.809
0.93,0.28,28.371
0.53,0.18,6.9371
0.76,0.47,25.022
0.84,0.56,38.028
0.37,0.64,11.045
0.25,0.79,10.19
0.7,0.24,13.145
0.74,0.01,9.5132
0.1,0.9,8.2303
0.02,0.22,1.6401
0.27,0.88,13.107
0.67,1,55.118
0.1,0.81,6.869
0.99,0.28,34.046
0.38,0.64,11.177
0.28,0.62,8.1532
0.24,0.34,4.0232
0.03,0.01,1.0361
0.03,0.53,3.2258
0.73,0.94,58.483
0.97,0.08,21.562
0.75,0.36,19.526
0.42,0.09,4.2654
0.7,0.79,39.643
0.52,0.95,31.878
0.06,0.08,1.4042
0.65,0.64,25.301
0.22,0.36,3.9286
0.34,0.24,4.4289
0.93,0.8,80.765
0.01,0.86,5.8138
0.3,0.8,12.121
0.49,0.28,7.6526
0.79,0.29,19.019
0.09,0.21,2.0878
0.95,0.59,56.223
0.51,0.23,7.3524
0.65,0.77,32.803
0.46,0.97,27.631
0.89,0.36,29.619
0.73,0.33,17.227
0.91,0.22,23.766
0.21,0.78,8.9515
0.36,0.05,3.2389
0.35,0.19,4.2033
0.07,0.58,3.944
0.36,0.65,10.812
0.2,0.38,3.8931
0.52,0.6,15.938
0.74,0.84,49.504
0.09,0.2,1.9423
0.67,0.6,24.695
0.05,0.16,1.5776
0.49,0.16,5.9951
0.43,0.65,13.347
0.08,0.81,6.4699
0.34,0.09,3.3214
0.65,0.01,7.1669
0.17,0.97,11.636
0.74,0.81,46.479
0.85,0.43,30.244
0.49,0.21,6.702
0.32,0,2.7035
0.92,0.11,19.656
0.19,0.3,3.2024
0.43,0.12,4.605
0.64,0.89,40.393
0.01,0.1,1.3258
0.42,0.58,11.205
0.77,0.43,23.868
0.18,0.06,1.91
0.05,0.91,7.1012
0.47,0.5,11.074
0.1,0.92,8.5508
0.5,0.6,14.931
0.05,0.2,1.7271
0.26,0.1,2.6362
0.17,0.05,1.8964
0.31,0.38,5.4373
0.06,0.2,1.8727
0.05,0.11,1.4915
0.82,0.14,15.461
0.37,0.22,4.7825
0.29,0.44,5.7275
0.7,0.94,53.555
0.05,0.41,2.6424
0.26,0.13,2.8491
0.33,0.12,3.4164
0.24,1,15.17
0.95,0.9,104.53
0.57,0.06,6.1638
0.88,0.05,15.403
0.31,0,2.5389
0.81,0.65,41.628
0.14,1,11.264
0.15,0.43,3.7265
0.54,0.63,17.698
0.56,0.94,35.126
0.83,0.59,39.166
0.23,0.82,10.239
0.95,0.02,17.924
0.31,0.85,13.843
0.97,0.64,66.004
0.79,0.84,57.394
0.51,0.29,8.344
0.89,0.49,38.5
0.78,0.13,13.423
0.59,0.18,8.4806
0.19,0.14,2.3562
0.99,0.03,20.728
0.35,0.63,10.148
0.06,0.89,7.123
0.46,0.17,5.5732
0.67,0.11,9.28
0.91,0.69,60.953
0.26,0.92,13.79
0.36,0.72,12.385
0.64,0.99,49.441
0.12,0.12,1.8622
0.37,0.78,14.537
0.78,0.89,61.525
0.66,0.38,15.535
0.66,0.58,23.128
0.76,0.3,17.828
0.56,0.44,12.898
0.59,0.83,30.905
0.85,0.48,33.433
0.04,0.61,3.8253
0.98,0.16,26.01
0.19,0.46,4.476
0.85,0.62,44.311
0.1,0.6,4.4912
0.28,0.59,7.5076
0.36,0.64,10.558
0.3,0.81,12.445
0.04,0.27,1.8958
0.47,0.34,8.0635
0.28,0.71,9.537
0.57,0.56,17.009
0.85,0.19,18.731
0.96,0.11,22.21
0.46,0.45,9.8116
0.26,0.32,4.1288
0.24,0.08,2.4529
0.56,0.88,31.256
0.71,0.45,20.703
0.65,0.16,9.711
0.97,0.28,31.984
0.97,1,135.64
0.04,0.87,6.4547
0.26,0.15,2.9751
0.21,0.76,8.6436
0.97,0.36,37.713
0.76,0.25,16.059
0.66,0.13,9.4143
0.44,0.49,9.9349
0.91,0.73,66.038
0.63,0.54,19.491
0.88,0.52,39.765
0.2,0.06,2.016
0.41,0.92,21.495
0.19,0.48,4.601
0.81,0.4,25.238
0.45,0.54,11.495
0.34,0.02,2.8505
0.65,0.94,46.07
0.61,0.75,27.87
0.5,0.34,8.7725
0.24,0.83,10.888
0.33,0.7,10.864
0.79,0.09,12.78
0.4,0.67,12.681
0.64,0.82,35.037
0.38,0.18,4.4181
0.24,0.38,4.4609
0.52,1,35.212
0.21,0.38,4.0354
0.57,0.49,14.719
0.07,0.42,2.9058
0.52,0.8,23.608
0.47,0.64,14.754
0.42,0.98,25.133
0.12,0.44,3.4802
0.47,0.04,4.3391
0.24,0.94,13.537
0.81,0.07,13.016
0.94,0.13,21.74
0.43,0.81,18.386
0.16,0,1.6008
0.67,0.91,45.982
0.4,1,24.471
0.14,0.57,4.7573
0.95,0.15,23.325
0.19,0.47,4.6116
0.93,0.77,75.909
0.43,0.87,20.752
0.93,0.07,18.658
0.45,0.11,4.8355
0.24,0.99,14.886
0.65,0.97,48.868
0.42,0.14,4.6515
0.68,0.13,9.9722
0.02,0.23,1.6655
0.11,0.36,2.7819
0.81,0.86,63.356
0.97,0.68,71.527
0.24,0.43,4.8914
0.72,0.97,60.387
0.08,0.37,2.5915
0.89,0.38,30.956
0.65,0.29,12.529
0.3,0.49,6.634
0.28,0.38,5.0043
0.57,0.45,13.581
0.85,0.83,67.323
0.4,0.52,9.3368
0.19,0.64,6.3634
0.92,0.61,53.557
0.51,0.46,11.651
0.9,0.07,17.082
0.94,0.65,61.569
0.23,0.25,3.2108
0.54,0.16,6.87
0.81,0.61,38.403
0.09,0.45,3.1878
0.05,0.33,2.1645
0.03,0.8,5.5324
0.71,0.84,45.152
0.66,1,53.499
0.33,1,19.841
0.96,0.45,43.795
0.21,0.71,7.7458
0.84,0.81,62.817
0.17,0.71,6.9195
0.02,0.43,2.5128
0.73,0.63,31.436
0.13,0.51,4.0679
0.18,0.07,1.9748
0.84,0.25,20.388
0.31,0.48,6.5618
0.23,0.63,6.9717
0.53,0.83,25.759
0.52,0.65,17.421
0.47,0.65,15.122
0.72,0.13,11.162
0.34,0.62,9.6307
1,0.1,24.513
0.36,0.49,7.8552
0.92,0.09,18.895
0.18,0.14,2.2321
0.96,0.35,35.853
0.64,0.31,12.662
0.33,0.59,8.7952
0.99,0.95,130.35
0.15,0.36,3.2924
0.75,0.17,13.31
0.86,0.56,40.563
0.69,0.86,44.261
0.25,0.76,9.7387
0.27,0.9,13.475
0.86,0.68,51.39
0.24,0.23,3.1402
0.21,0.41,4.2279
0.59,0.8,29.035
0.57,0.66,20.717
0.32,0.4,5.9001
0.71,0.13,10.911
0.72,0.11,10.704
0.25,0.36,4.4188
0.81,0.11,14.13
0.95,0.06,19.533
0.56,0.92,33.792
0.07,0.63,4.3063
0.14,0.53,4.3808
0.62,0.79,31.209
0.97,0.77,85.606
0.57,0.42,12.762
0.46,1,29.275
0.07,0.4,2.6843
0.17,0.37,3.4663
0.64,0,6.8507
0.78,0.42,23.947
0.58,0.92,35.882
0.5,0.87,25.486
0.23,0.32,3.7602
0.03,0.68,4.2479
0.46,0.09,4.715
0.68,0.63,27.087
0.87,0.54,40.167
0.76,0.05,10.663
0.88,0.26,23.509
0.38,0.23,4.9594
0.21,0.43,4.4313
0.72,0.71,35.899
1,0.38,43.047
0.82,0.73,50.363
0.6,0.17,8.4992
0.41,0.74,14.993
0.85,0.6,42.512
0.8,0.94,72.203
0.46,0.87,22.679
1,0.7,81.44
0.96,0.74,78.246
0.46,0.86,22.279
0,0.08,1.246
0.83,0.26,20.33
0.24,0.59,6.6192
0.19,0.87,10.017
0.98,0.95,126.45
0.83,0.69,47.91
0.67,0.46,18.726
0.88,0.85,76.707
0.74,0.71,38.123
0.9,0.61,50.399
0.56,0.79,26.012
0.79,0.12,13.607
0.88,0.28,24.603
0.73,0.15,12.128
0.18,0.31,3.2463
0.6,0.73,26.069
0.05,0.36,2.3257
0.47,0.96,27.93
0.37,0.23,4.7114
0.26,0.76,9.9285
0.4,0.01,3.4211
0.56,0.84,28.869
0.81,0.82,58.543
0.85,0.64,46.069
1,0.84,107.82
0.94,0.72,70.881
0.5,0.95,30.05
0.54,0.32,9.6172
0.22,0.08,2.3041
0.69,0.01,8.0584
0.4,0.96,22.666
0.43,0.47,9.3829
0.1,0.8,6.6158
0.08,0.47,3.161
0.6,0.38,12.978
1,0.86,112.22
0.29,0.97,16.69
0.01,0.96,7.0407
0.21,0,1.9151
0.33,0.8,13.377
0.04,0.59,3.7615
0.59,0.67,22.387
0.48,0.68,16.458
0.46,0.63,14.05
0.99,0.43,46.193
0.35,0.75,12.776
0.12,0.63,5.0971
0.11,0.46,3.5298
0.12,0.58,4.5276
0.78,0.82,53.532
0.38,0.26,5.2916
0.2,0.25,2.9959
0.86,0.32,25.009
0.02,0.15,1.42
0.37,0.21,4.5129
0.43,0.78,17.279
0.8,0.07,12.648
0.04,0.38,2.467
0.3,0.86,13.686
0.65,0.24,11.325
0.37,0.85,16.629
0.49,0.85,23.814
0.77,0.5,27.452
0.38,0.44,7.5303
0.78,0.38,22.18
0.32,0.56,7.935
0.39,0.87,18.352
0.01,0.36,2.1559
0.83,0.47,30.836
0,0.23,1.669
0.07,0.95,8.2356
0.14,0.89,9.0795
0.86,0.27,22.62
0.04,0.86,6.2873
0.75,0.33,18.363
0.89,0.47,36.993
0.99,0.25,32.088
0.37,0.93,19.622
0.29,0.73,10.252
0.02,0.03,1.119
0.23,0.6,6.5591
0.26,0.06,2.4129
0.09,0.77,6.0852
0.62,0.83,33.762
0.39,0.26,5.4248
0.16,0.16,2.0439
0.33,0.66,10.139
0.13,0.69,5.8197
0.26,0.37,4.6585
0.15,0.82,8.0928
0.46,0.22,6.1943
0.5,0.79,21.808
0.49,0.08,5.1701
0.91,0.56,46.926
0.69,0.79,38.493
0.58,0.66,21.288
0.95,0.82,89.101
0.41,0.4,7.587
0.38,0.19,4.5498
0.97,0.44,44.389
0.53,0.49,13.155
0.31,0.05,2.7799
0.56,0.97,37.335
0.79,0.57,33.343
0.91,0,15.403
0.58,0.95,38.083
0.65,0.68,27.404
0.85,0.58,40.786
0.29,0.43,5.7093
0.45,0.21,5.9148
0.27,0.68,8.7864
0.57,0.82,28.51
0.64,0.01,7.0282
0.93,0.14,21.604
0.61,0.23,9.8741
0.31,0.17,3.5276
0.25,0.12,2.6159
0.11,0.96,9.548
0.87,0.75,60.89
0.63,0.3,12.057
0,0.13,1.2934
0.43,0.52,10.243
0.43,0.29,6.571
0.4,0.59,10.81
0.13,0.22,2.2982
0.68,0.36,15.849
0.63,0.04,7.2299
0.88,0,13.974
0.29,0.76,10.861
0.26,0.77,10.102
0.05,0.09,1.3941
0.14,0.68,5.8446
0.1,0.87,7.7352
0.59,0.91,36.277
0.5,0.63,15.834
0.42,0.65,13.002
0.75,0.93,60.936
0.32,0.91,16.103
0.53,0.16,6.749
0.54,0.45,12.432
0.36,0.22,4.5329
0.88,0.2,20.969
0.36,0.84,15.807
0,0.64,3.6527
0.68,0.68,29.992
0.45,0.86,21.605
0.86,0.12,16.779
0.12,0.1,1.8107
0.86,0.65,48.435
0.55,0.95,34.805
0.47,0.53,11.761
1,0.45,49.472
0.67,0.19,10.943
0.01,0.11,1.3309
0.65,0.33,13.537
0.6,0.84,32.469
0.33,0.9,16.249
0.25,0.18,2.9603
0.82,0.13,15.169
0.93,0.67,62.232
0.28,0.25,3.738
0.52,0.07,5.4044
0.53,0.1,5.9383
0.45,0.88,22.348
0.88,0.04,15.138
0.93,0.15,21.874
0.38,0.69,12.471
0.67,0.51,20.683
0.23,0.94,13.062
0.81,0.13,14.745
0.99,0.65,71.502
0.98,0.2,28.157
0.67,0.99,54.033
0.15,0.81,8.0158
0.78,0.03,11.03
0.68,0.76,35.119
0.34,0.8,13.817
0.6,0.11,7.4885
0.45,0.96,26.332
0.2,0.16,2.5083
0.94,0.74,73.719
0.94,0.33,32.407
0.2,0.88,10.536
0.76,0.81,49.462
0.07,0.54,3.7144
0.02,0.41,2.3777
0.54,0.76,23.083
0.37,0.88,17.705
0.68,0.32,14.55
0.29,0.55,7.1742
0.53,0.44,11.86
0.85,0.26,21.536
0.3,0.83,12.98
0.03,0.6,3.527
0.26,0.33,4.1823
0.88,0.54,41.218
1,0.44,48.392
0.21,0.2,2.7602
0.52,0.37,10.06
0.41,0.68,13.274
0.52,0.05,5.2422
0.08,0.25,2.0431
0.3,0.71,10.124
0.12,0.17,2.0336
0.48,0.22,6.6035
0.94,0.01,17.078
0.39,0.75,14.455
0.12,0.82,7.3522
0.51,0.66,17.296
0.76,0.89,57.975
0.26,0.65,7.9635
0.04,0.06,1.2394
0.17,0.36,3.3704
0.38,0.89,18.53
0.84,0.73,53.463
0.68,0.02,7.9916
0.15,0.84,8.3747
0.67,0.37,15.687
0.79,0.85,58.475
0.8,0.9,66.684
0.6,0.12,7.6619
0.4,0.08,3.8948
0.85,0.27,21.968
0.74,0.16,12.703
0.66,0.23,11.382
0.89,0.21,21.954
0.88,0.62,48.435
0.12,0.7,5.8307
0.8,0.11,13.842
0.67,0.53,21.606
0.02,0.24,1.7005
0.57,0.69,21.853
0.65,0.76,32.199
0.06,0.68,4.6772
0.55,0.27,8.9112
0.79,0.89,63.357
0.29,0.46,6.0588
0.98,0.66,70.813
0.55,0.75,23.293
0.45,0.63,13.575
0.88,0.51,38.899
0.37,0.82,15.65
0.41,0.54,10.15
0.03,0.56,3.3978
0.32,0.77,12.163
0.16,0.64,5.8198
0.07,0.12,1.5139
0.56,0.09,6.5062
0.54,0.2,7.5699
0.03,0.82,5.6538
0.32,0.27,4.4352
0.24,0.21,3.1835
0.33,0.84,14.391
0.9,0.26,25.058
0.32,0.18,3.7762
0.78,0.57,32.493
0.39,0.79,15.538
0.23,0.4,4.3156
0.43,0,3.6158
0.98,0.89,112.1
0.72,0.12,11.035
0,0.01,1.0349
0.78,0.51,28.797
0.39,0.01,3.2422
0.23,0.19,2.8901
0.09,0.82,6.8695
0.63,0.16,9.1204
0.87,0.65,49.96
0.33,0.21,4.0324
0.54,0.34,9.9394
0.1,0.85,7.4381
0.01,0.8,5.1084
0.96,0.21,27.132
0.34,0.66,10.349
0.02,0.18,1.5344
0.97,0.94,120.3
0.08,0.78,6.0385
0.22,0.31,3.4958
0.62,1,47.504
0.18,0.1,2.109
0.76,0.71,40.369
0.91,0.77,71.594
0.58,0.33,11.002
0.22,0.27,3.3237
0.3,0.08,2.9699
0.68,0.44,18.602
0.19,0.08,2.1087
0.12,0.95,9.5232
0.85,0.07,14.736
0.34,0.65,10.132
0.9,0.14,19.699
0.5,0.75,20.078
0.57,0.73,23.71
0.65,0.38,15.005
0.32,0.78,12.369
0.31,0.77,11.788
0.85,0.66,47.988
0.68,0.64,27.605
0.4,0.72,14.02
0.45,0.47,9.8818
0.79,0.07,12.278
0.04,0.03,1.1764
0.19,0.98,12.529
0.66,0.65,26.468
0.59,0.71,24.202
0.8,0.15,14.874
0.61,0.66,23.352
0.28,0.7,9.4632
0.33,0.99,19.5
0.12,0.62,4.9528
0.96,0.04,19.247
0.88,0.22,21.774
0.18,0.81,8.6445
0.28,0.35,4.6671
0.44,0.62,12.862
0.65,0.48,18.252
0.88,0.96,95.508
0.31,0.73,10.869
0.39,0.74,14.123
0.01,0.88,6.0682
0.77,0.74,44.171
0.35,0.54,8.3505
0.44,0.77,17.439
1,0.01,20.446
0.37,0.94,19.86
0.59,0.28,10.276
0.45,0.69,15.33
0.92,0.84,84.715
0.37,0.3,5.5867
0.08,0.8,6.2858
0.98,0.73,81.422
0.39,0.64,11.6
0.11,0.95,9.2565
0.38,0.27,5.2973
0.12,0.43,3.3358
0.35,0.77,13.337
0.32,0.53,7.5486
0.23,0.17,2.8308
0.77,0.58,32.116
0.69,0.17,11.106
0.74,0.11,11.416
0.02,0.39,2.3084
0.97,0.13,23.693
0.46,0.56,12.168
0.15,0.11,1.9502
0.72,0.81,43.889
0.09,0.73,5.6797
0.14,0.37,3.2032
0.04,0.95,7.4781
0.24,0.29,3.5935
0.51,0.77,21.445
0.71,0.32,15.959
0.07,0.89,7.2656
0.34,0.45,6.8397
0.82,0.6,38.971
0.57,0.51,15.131
0.15,0.44,3.8235
0.82,0.62,40.455
0.44,0.58,11.956
0.33,0.15,3.6065
0.5,0.31,8.3777
0.58,0.56,17.39
0.69,0.75,35.531
0.29,0.85,13.013
0.15,0.23,2.5549
0.26,0.84,11.789
0.12,0,1.4439
0.01,0.54,3.0031
0.75,0.15,12.986
0.48,0.66,15.695
0.71,0.64,30.268
0.62,0,6.5301
0.73,0.61,30.198
0.48,0.79,20.456
0.18,0.47,4.2591
0.62,0.3,11.735
0.42,0.67,13.465
0.33,0.32,5.0715
0.38,0.5,8.4857
0.96,0.94,116.77
0.11,0.13,1.839
0.67,0.92,46.989
0.24,0.05,2.2986
0.09,0.07,1.5325
0.05,0.43,2.8227
0.13,0.17,1.9791
0.45,0.41,8.7419
0.14,0.75,6.8438
0.83,0.97,83.926
0.65,0.71,29.075
0.16,0.62,5.6051
0.8,0.93,70.771
0.51,0.05,5.0118
0.68,1,56.759
0.96,0.44,42.975
0.21,0.18,2.7271
0.07,0.62,4.2761
0.91,0.17,21.585
0.39,0.89,19.01
0.53,0.13,6.3871
0.17,0.93,10.729
0.74,0.44,22.177
0.55,0.77,24.305
0.3,0.38,5.211
0.14,0.47,3.8929
0.68,0.5,20.976
0.8,0.45,27.017
0.31,0.28,4.4291
0.51,0.48,12.07
0.5,0.74,19.687
1,0.92,126.52
0.36,0.86,16.464
0.11,0.22,2.2196
0.99,0.61,66.06
0.77,0.86,56.251
0.98,0.37,39.626
0.63,0.64,23.763
0.28,0.47,5.8177
0.29,1,17.551
0.94,0.32,31.807
0,0.21,1.4922
0.75,0.48,24.791
0.64,0.65,25.001
0.65,0.22,10.943
0.05,0.1,1.4764
0,0.56,3.0656
0.4,0.48,8.6265
0.59,0.37,12.323
0.94,0.48,43.832
0.69,0.89,46.893
0.32,0.23,4.2895
0.58,0.59,18.549
0.13,0.14,2.0104
0.18,0.51,4.7612
0.53,0.86,27.292
0.95,0.16,23.826
0.91,0.97,106.74
0.79,0.55,32.178
0.74,0.58,29.398
0.57,0.6,18.288
0.47,0.24,6.7613
0.05,0.29,2.1045
0.3,0.94,16.094
0.09,0.9,7.9603
0.49,0.37,9.1546
0.03,0.65,4.035
0.4,0.29,6.0089
0.36,0.44,6.9898
1,0.66,75.199
0.39,0.45,7.8607
0.4,0.31,6.0433
0.9,0.02,15.39
0.81,0.57,35.549
0.37,0.54,8.9379
0.61,0.2,9.2836
0.72,0.09,10.307
0.59,0.44,14.178
0.03,1,8.0785
0.74,0.46,23.084
0.3,0.75,10.931
0.38,0.17,4.3788
0,0.84,5.3306
0.82,1,86.47
0.66,0.97,50.371
0.25,0.19,3.1217
0.23,0.39,4.3779
0.63,0.78,31.487
0.69,0.96,54.121
0.73,0.5,24.256
1,0.28,35.174
0.46,0.46,9.8811
0.12,0.53,4.0867
0.64,0.13,8.9321
0.05,0.46,2.8433
0.51,0.11,5.8083
0.96,0.4,39.739
0.8,0.32,21.019
0.03,0.33,2.1139
0.83,0.31,22.398
0.38,0.98,22.227
0.47,0.58,13.106
0.91,0.75,68.653
0.36,0.85,16.163
0.85,0.29,22.776
0.57,0.99,39.985
0.22,0.74,8.5271
0.22,0.49,5.0941
0.63,0.86,36.992
0.35,0.69,11.353
0.32,0.73,11.224
0.34,0.6,9.2335
0.82,0.09,14.009
0.28,0.14,3.002
0.8,0.99,79.908
0.62,0.36,13.099
0.69,0.28,13.904
0.75,0.77,44.253
0.14,0.27,2.6722
0.24,0.64,7.3325
0.28,0.63,8.1371
0.91,0.21,23.343
0.05,0.13,1.5155
0.79,0.53,30.837
0.98,0.78,89.956
0.16,0.63,5.7193
0,0,0.96047
0.42,0.44,8.4514
0.25,0.47,5.4677
0.84,0.99,90.026
0.32,0.45,6.3819
0.56,0.39,11.6
0.68,0.17,10.838
0.66,0.61,24.602
0.53,0.78,23.34
1,0.32,38.07
0.53,0.48,12.719
0.34,0.9,16.761
0.97,0.09,21.922
0.12,0.77,6.6106
0.16,0.21,2.4022
0.24,0.97,14.303
0.84,0.9,75.124
0.48,0.73,18.111
0.82,0.2,17.421
0.66,0.35,14.635
0.94,0.73,72.264
0.66,0.63,25.647
0.68,0.78,36.635
0.11,0.01,1.4207
0.4,0.77,15.525
0.67,0.48,19.503
0.58,0.12,7.1847
0.05,0.94,7.5833
0.39,0.46,8.0727
0.31,0.11,3.1443
0.6,0.42,13.988
0.63,0.33,12.864
0.24,0.66,7.7752
0.11,0.09,1.6131
0.04,0.09,1.3658
0.17,0.7,6.7437
0.48,0.65,15.439
0.87,0.61,46.094
0.38,0.33,6.0988
0.49,0.13,5.52
0.57,0.32,10.495
0.56,0.24,8.7755
0.97,0.57,57.393
0.18,0.17,2.4431
0.26,0.68,8.5148
0.69,0.42,18.393
0.22,0.44,4.6577
0.85,0.9,77.496
0.45,0.76,17.636
0.31,0.67,9.7095
0.29,0.04,2.6009
0.72,0.82,44.719
0.92,0.62,54.556
0.08,0.55,3.8318
0.01,0.31,1.9265
0.78,0.27,17.765
0.34,0.1,3.4172
0.27,0.73,9.6797
0.08,0.45,3.0845
0.16,0.09,1.9176
0.7,0.61,27.636
0.16,0.7,6.5545
0.47,0.67,15.645
0.91,0.94,100.42
0.9,0,14.895
0.81,0.68,44.293
0.69,0.35,16.03
1,0.61,67.952
0.26,0.79,10.574
0.81,0.55,34.149
0.05,0.38,2.4375
0.4,0.97,23.114
0.55,0,5.164
0.74,0.07,10.651
0.83,0.37,25.241
0.23,0.53,5.7408
0.92,0.28,27.721
0.65,0.14,9.2982
0.07,0.25,2.0445
0.08,0.76,5.784
0.03,0.59,3.5392
0.84,0.28,21.7
0.19,0.77,8.2721
0.84,0.45,30.505
0.95,0.49,46.098
0.21,0.1,2.3033
0.47,0.29,7.2812
0.22,0.46,4.7768
1,0.62,69.407
0.78,0.47,26.511
0.12,0.39,3.1025
0.85,0.88,74.545
0.87,0.48,35.568
0.79,0.51,29.596
0.19,0.5,4.8071
0.01,0.37,2.1368
0.18,0.4,3.8974
0.77,0.01,10.372
0.09,0.94,8.5357
0.69,0.9,47.967
0.05,0.52,3.2852
0.45,0.77,17.972
0.99,0.98,138.39
0.35,0.32,5.3426
0.1,0.76,6.192
0.45,0.99,27.926
0.62,0.37,13.569
0.43,0.66,13.638
0.6,0.47,15.446
0.72,1,64.06
0.65,0.36,14.486
0.43,0.07,4.2628
0.3,0.26,4.1715
0.58,0.63,20.003
0.82,0.06,13.166
0.37,0.38,6.5254
0.88,0.93,90.05
0.28,0.75,10.337
0.59,0.84,31.545
0.07,0.46,3.0391
0.95,0.51,47.81
0.78,0.17,14.558
0.44,0.83,19.65
0.76,0.72,41.314
0.96,0.91,109.92
0.61,0.4,13.894
0.45,0.14,5.086
0.62,0.72,27.099
0.3,0.9,14.922
0.37,0.31,5.6414
0.8,0.56,33.732
1,0.04,21.89
0.17,0.21,2.5406
0.76,0.32,18.63
0.33,0.88,15.563
0.64,0.25,11.199
0.58,0.3,10.356
0.83,0.17,16.924
0.1,0.18,1.9357
0.87,0.43,32.145
0.97,0.48,47.955
0.17,0.42,3.8719
0.5,0.76,20.515
0.11,0.21,2.1606
0.09,0.25,2.2035
0.39,0.52,9.105
0.78,0.52,29.428
0.14,0.61,5.2327
0.4,0.21,5.0364
0.76,0.41,22.205
0.35,0.98,20.39
0.45,0.98,27.436
0.84,0.79,60.284
0.15,0.32,2.8997
0.04,0.21,1.7645
0.48,0.47,10.797
0.27,0.74,9.9283
0.07,0.86,6.8498
0.49,0.03,4.6847
0.51,0.39,10.087
0.77,0.98,71.573
0.76,0.43,23.071
0.06,0.3,2.1943
0.9,0.73,64.049
0.69,1,58.499
0.68,0.94,50.353
0.76,0.18,13.994
0.65,0.25,11.638
0.61,0.44,14.981
0.57,0.83,28.982
0.27,0.23,3.5173
0.74,0.61,31.164
0.76,0.38,20.985
0.3,0.96,16.745
0.09,0.95,8.7579
0.89,0.73,62.218
0.32,0.14,3.4198
0.85,0.09,15.384
0.59,0.27,10.116
0.18,0.3,3.0194
0.54,0.11,6.2893
0.05,0.39,2.5685
0.85,0.24,20.683
0.41,0.82,17.558
0.92,0.04,17.196
0.67,0.84,40.106
0.53,0.32,9.3244
0.48,0.87,24.027
0.19,0.99,12.774
0.2,0.97,12.758
0.94,0.62,57.932
0.66,0.92,45.63
0.19,0.42,4.0966
0.7,0.2,12.133
0.51,0.19,6.7759
0.8,0.29,19.6
0.39,0.71,13.344
0.12,0.72,6.0593
0.83,0.13,15.658
0.15,0.56,4.8055
0.45,0.56,11.755
0.97,0.25,30.318
1,0.3,36.545
0.88,0.49,37.317
0.88,0.86,78.249
0.92,0.2,23.621
0.35,0.49,7.623
0.06,0.91,7.3467
0.08,0.22,1.9984
1,0.25,33.045
0.5,0.96,30.614
0.42,0.6,11.709
0.29,0.47,6.0425
0.56,0.03,5.7155
0.37,0.65,10.987
0.43,0.69,14.438
0.65,0.72,29.606
0.96,0.97,124.08
0.24,0.76,9.4724
0.22,0.87,11.058
0.47,0.84,21.962
0.01,1,7.6433
0.53,0.37,10.245
0.11,0.27,2.4575
0.98,0.43,44.825
0.74,0.82,47.423
1,0.19,29.37
0.94,0.43,39.65
0.76,0.48,25.516
0.6,0.56,18.556
0.37,0.63,10.745
1,0.2,29.951
0.99,0.93,125.29
0.59,0.43,13.914
0.97,0.35,36.938
0.26,0.82,11.225
0.91,0.35,30.833
0.75,0.4,21.204
0.98,0.7,76.617
0.77,0.36,20.685
0.74,0.9,55.714
0.43,0.33,6.9411
0.35,0.96,19.52
0.98,0.49,50.398
0.91,0.3,27.96
0.79,0.49,28.492
0.91,0.1,18.749
0.49,0.65,15.918
0.22,0.09,2.3219
0.26,0.42,5.055
0.19,0.31,3.4202
0.61,0.34,12.397
0.19,0.79,8.5832
0.07,0.11,1.4084
0.13,0.11,1.8388
0.96,1,131.71
0.53,0.63,17.284
0.14,0.95,10.23
0.57,0.1,6.741
0.19,0.44,4.2274
0.85,0.93,82.28
0.62,0.98,45.588
0.66,0.66,27.096
0.11,0.2,2.0348
0.01,0.2,1.5078
0.19,0.13,2.2539
0.41,0.26,5.7333
1,0.22,31.16
0.25,0.52,5.8969
0.27,0.45,5.4824
0.17,0.81,8.373
0.63,0.41,15.064
0.15,0.33,3.0341
1,0.48,52.34
0.57,0.01,5.7704
0.82,0.96,79.899
0.9,0.79,72.231
0.37,0.79,14.73
0.53,0.98,34.786
0.65,0.15,9.4807
0.12,0.03,1.5534
0.78,0.15,14.021
0.28,0.31,4.368
0.51,0.56,14.167
0.33,0.54,7.9321
0.48,0,4.2038
0.75,0.16,13.064
0.68,0.48,20.085
0.31,0.75,11.376
0.25,0.84,11.3
0.86,0.44,31.749
0.07,0.45,3.0119
0.34,0.22,4.2261
0.56,0.35,10.789
1,0.09,24.055
0.85,0,12.788
0.08,0.06,1.4003
0.56,0.75,24.04
0.9,0.1,18.206
0.39,0.62,11.119
0.92,0.65,58.021
0.43,0.06,4.0892
0.61,0.36,12.83
0.54,0.05,5.4683
0.81,0.39,24.84
0.38,0.78,14.793
0.1,0.73,5.76
0.89,0.16,19.902
0.97,0.53,53.023
0.16,0.55,4.9009
0.58,0.29,10.166
0.85,0.57,39.931
0.03,0.49,2.8098
0.29,0.6,7.862
0.15,0.29,2.8205
0.91,0.12,19.472
0.15,0.63,5.5705
0.36,0.54,8.7113
0.89,0.95,96.601
1,0.17,28.217
0.96,0.59,57.875
0.85,0.89,75.997
0.61,0.26,10.499
0.66,0.67,27.737
0.6,0.86,33.863
0.82,0.03,12.479
0.85,0.59,41.715
0.59,0.77,27.376
0.09,0.24,2.1868
0.41,0.2,5.0559
0.86,0.88,76.704
0.59,0.93,37.707
0.4,0.1,4.0284
0.7,0.74,35.899
0.12,0.76,6.557
0.07,0.56,3.7958
0.58,0.14,7.6511
0.94,0.11,20.87
0.47,0.56,12.463
0.84,0.06,14.152
0.41,0.33,6.5518
0.25,1,15.767
0.7,0.3,14.916
0.02,0.82,5.4878
0.84,0.97,86.536
0.06,0.97,8.2773
0.26,0.11,2.6451
0.57,0.89,32.754
0.28,0.16,3.2859
0.04,0.97,7.8071
0.75,0.51,26.329
0.32,0.58,8.3332
0.46,0.54,11.647
0.07,0.36,2.5236
0.21,0.96,12.704
0.2,0.19,2.7444
0.99,0.23,30.885
0.74,0.64,33.131
0.46,0.43,9.4832
0.82,0.74,51.457
0.53,0.53,14.068
0.2,0.69,7.1887
0.03,0.15,1.4237
0.31,0.51,7.0018
0.53,0.43,11.576
0.3,0.09,2.9418
0.62,0.27,11.043
0.99,0.21,29.673
0.49,0.55,13.158
0.94,0.16,23.109
0.7,0.32,15.508
0.34,0.55,8.2693
0.02,0.49,2.8411
0.23,0.47,5.0495
0.87,0.1,16.645
0.24,0.93,13.161
0.93,0.33,31.475
0.84,0.6,41.206
0.06,0.35,2.3432
0.07,0.67,4.7402
0.4,0.11,4.0535
0.96,0.31,33.093
0.82,0.97,81.487
0.22,0.71,8.131
0.85,0.3,23.394
0.04,0.66,4.2066
0.79,0.38,22.815
0.27,0.06,2.6207
0.24,0.19,2.9549
0.09,0.13,1.737
0.81,0.02,11.794
0.62,0.12,8.1777
0.71,0.04,9.1204
0.24,0.61,6.8854
0.67,0.26,12.538
0.76,0.03,10.418
0.71,0.93,54.152
0.57,0.35,11.076
0.05,0.5,3.1817
0.25,0.99,15.329
0.55,0.96,35.577
0.75,0.06,10.71
0.2,0.44,4.4163
0.54,0.58,16.144
0.75,0.35,19.126
0.18,0.22,2.6874
0.93,0.94,106.75
0.61,0.21,9.4708
0,0.43,2.416
0.32,0.97,18.173
0.17,0.13,2.1183
0.01,0.64,3.7196
0.98,0.41,42.886
0.94,0.22,25.972
0.7,0.16,11.267
0.64,0.95,45.641
0.45,0.3,7.0219
0.65,0.95,47.077
0.95,0.73,74.331
0.5,0.94,29.372
0.35,0.21,4.3277
0.12,0.61,4.8389
0.9,0.91,91.943
0.54,0.55,15.192
0.9,0.77,69.437
0.11,0.48,3.6308
1,0.77,93.625
0.73,0.13,11.504
0.7,0.19,11.883
0.04,0.23,1.8083
0.26,0.21,3.3254
0.23,0.14,2.6715
0,0.06,1.0771
0.18,0.59,5.645
0.17,0.23,2.7209
0.84,0.04,13.485
0.77,0.35,20.333
0.7,0.53,23.425
0.86,0.4,29.323
0.39,0.09,3.7871
0.9,0.82,76.648
0.28,0.42,5.2966
0.8,0.7,44.715
0.02,0.46,2.69
0.32,0.6,8.7282
0.1,0.19,1.8796
0.12,0.42,3.3274
0.2,0.63,6.3977
0.34,0.82,14.257
0.89,0.19,21.171
0.89,0.08,16.919
0.14,0.51,4.2691
0.33,0.97,18.665
0.57,0.87,31.441
0.03,0.67,4.1951
0.36,0.51,8.2043
0.54,0.04,5.3727
0.03,0.87,6.2265
0.77,0.22,15.659
0.2,0.59,5.9908
0.96,0.57,55.709
0.38,0.79,15.144
0.04,0.4,2.5107
0.86,0.29,23.574
0.32,0.65,9.5595
0.18,0.26,2.8996
0.83,0.86,67.281
0.62,0.56,19.738
0.06,0.09,1.4728
0.05,0.17,1.6098
0.89,0.99,104.71
0.69,0.27,13.616
0.83,0.33,23.312
0.86,0.67,50.406
0.87,0.58,43.411
0.42,0.36,7.2389
0.55,0.47,13.268
0.69,0.54,23.353
0.89,0.81,73
0.73,0.71,37.074
0.98,0.87,107.72
0.22,0.07,2.3112
0.89,0.55,43.334
0.77,0.18,14.512
0.84,0.77,58.056
0.66,0.51,20.017
0.2,0.93,11.663
0.74,0.56,28.244
0.84,0,12.385
0.69,0.55,23.778
0.31,0.03,2.7043
0.56,0.53,15.438
0.17,0.6,5.5486
0.71,0.42,19.449
0.51,0.26,7.7701
0.83,0.1,14.721
0,0.07,1.1976
0.04,0.31,2.0743
0.19,0.83,9.3504
0.4,0.79,16.07
0.07,0.37,2.6452
0.86,0.3,24.11
0.71,0.92,53.019
0.42,0.59,11.444
0.29,0.9,14.421
0.44,0.43,8.8167
0.47,0.23,6.4552
0.63,0.87,37.784
0.5,0.89,26.59
0.57,0.34,10.882
0.45,0.65,14.109
0.13,0.93,9.421
0.2,0.58,5.9104
0.16,0.05,1.8156
0.01,0.07,1.2399
0.23,0.62,6.9214
0.1,0.88,7.9142
0.44,0.59,12.158
0.86,0.1,16.104
0.51,0.82,23.792
0.58,0.1,7.0574
0.4,0.69,13.275
0.1,0.22,2.1173
0.19,0.03,1.8795
0.69,0.74,34.882
0.32,0.67,10.038
0.42,0.91,21.614
0.12,0.91,8.9062
0.66,0.02,7.577
0.39,0.38,6.8238
0.37,0.27,5.1924
0.14,0.82,7.8937
0.58,0.65,20.864
0.13,0.32,2.8173
0.49,0.71,18.007
0.7,0.98,57.945
0.22,0.62,6.7538
0.71,0.63,29.614
0.28,0.26,3.8103
0.49,0.38,9.2654
0.03,0.31,2.0439
0.03,0.88,6.2691
0.87,0.33,26.3
0.83,0.44,28.964
0.32,0.93,16.787
0.08,0.99,9.2481
0.01,0.46,2.6195
0.95,0.42,40.085
0.28,0.68,9.0283
0.17,0.03,1.7567
0.52,0.74,20.946
0.67,0.66,27.906
0.53,0.22,7.6111
0.13,0.47,3.6746
0.18,0.54,5.0124
0.75,0.98,67.382
0.85,0.17,18.069
0.56,0.19,7.8246
0.41,0.45,8.3401
0.22,1,14.312
0.31,0.29,4.4983
0.92,0.49,42.185
0.04,0.65,4.0752
0.34,0.42,6.3643
0.47,0.19,6.0013
0.4,0.51,9.2342
0.3,0.59,8.023
0.26,0.93,14.006
0.38,0.9,18.846
0.31,0.58,8.1289
0.03,0.86,6.0662
0.74,0.92,57.973
0.02,0.13,1.3935
0.55,0.23,8.2499
0.55,0.94,34.06
0.72,0,8.6629
0.32,0.22,4.0535
0.87,0.34,26.895
0.68,0.24,12.418
0.32,0.34,5.2656
0.87,0.67,51.877
0.71,0.56,25.799
0.65,0.52,19.946
0.35,0.83,14.963
0.95,0.7,70.192
0.88,0.71,57.984
0.55,0.81,26.292
0.2,0.41,4.1065
0.06,0.19,1.8224
0.87,0.47,34.898
0.8,0.17,15.545
0.14,0.16,2.0269
0.3,0.14,3.225
0.82,0.56,35.844
0.82,0.38,24.984
0.9,0.08,17.383
0.08,0.71,5.1854
0.61,0.89,36.889
0.11,0.38,2.876
0.34,0.63,9.9143
0.89,0.34,28.531
0.65,0.79,34.182
0.14,0.77,7.0176
0.04,0.01,1.186
0.94,0.67,64.042
0.68,0.62,26.554
0.29,0.39,5.3065
0.18,0.95,11.507
0.56,0.5,14.552
0.45,0.23,6.1414
0.06,0.02,1.3551
0.63,0.28,11.642
0.84,0.72,52.379
0.25,0.71,8.7345
0.89,0.45,35.481
0.11,0.07,1.608
0.76,0.6,32.513
0.99,0.11,24.301
0.08,0.51,3.573
0.1,0.74,5.9603
0.58,0.7,23.127
0.36,0.27,5.0867
0.53,0.91,30.256
0.77,0.53,29.088
0.3,0.34,4.9889
0.19,0.81,8.9418
0.98,0.46,47.407
0.88,1,103.59
0.12,0.07,1.5917
0.3,0.6,8.1283
0.04,0.99,8.136
0.73,0.39,19.487
0.57,0,5.3711
0.55,0.62,17.97
0.04,0.08,1.3307
0.53,0.03,5.2551
0.86,0.86,73.73
0.83,0.49,32.181
0.35,0.11,3.64
0.48,0.77,19.71
0.3,0.88,14.335
0.46,0.28,6.9014
0.97,0.6,60.906
0.95,0.29,30.851
0.5,0.92,28.205
0.39,0.96,21.926
0.05,0.05,1.3012
0.77,0.88,58.407
0.7,0.9,49.394
0.11,0.64,5.0334
0.73,0.47,22.818
0.03,0.29,1.9333
0.61,0.03,6.547
0.17,0.91,10.331
0.63,0.65,24.367
0.72,0.02,8.9651
0.23,0.3,3.6854
0.17,1,12.346
1,0.24,32.55
0.09,0.66,4.8935
0.02,0.75,4.7275
0.96,0.65,65.428
0.96,0.07,20.498
0.78,0.9,62.82
0.63,0.6,22.056
1,1,148.44
0.28,0.02,2.3583
0.99,0.69,77.437
0.91,0.71,63.539
0.02,0.55,3.2501
0.3,0.63,8.7457
0.96,0.56,54.546
0.02,0.65,3.8529
0.34,0.75,12.566
0.28,0.67,8.847
0.51,0.95,30.87
0.98,0.74,83.032
0.62,0.34,12.658
0.83,0.27,20.687
0.31,0.32,4.8676
0.52,0.67,18.106
0.74,0.8,45.51
0.07,0.29,2.2723
0.24,0.25,3.4051
0.19,0.56,5.4619
0,0.91,6.2618
0,0.24,1.6646
0.81,0.05,12.497
0.54,0.8,25.112
0.31,0.34,4.9809
0.35,0.81,14.512
0.34,0.58,8.7663
0.13,0.8,7.3293
0.5,0.42,10.409
0.92,0.36,32.43
0.98,1,139.77
0.6,0.85,33.087
0.89,0.07,16.626
0.49,0.95,29.233
0.81,0.15,15.309
0.29,0.91,14.662
0.85,0.22,19.888
0.01,0.91,6.2559
0.81,0.85,62.212
0.27,0.08,2.6461
0.2,0.94,11.919
0.49,0.29,7.7674
0.7,0.49,21.88
0.55,0.33,10.123
0.59,0.45,14.564
0.23,0.09,2.3349
0.14,0.5,4.1383
0.59,0.1,7.1538
0.24,0.57,6.4813
0.22,0.64,6.8548
0.65,0.45,17.373
0.5,0.21,6.7692
0.75,0.6,31.46
0.69,0.88,46.1
0.31,0.89,15.075
0.91,0.39,33.441
0.04,0.91,6.9168
0.47,0.08,4.7764
0.1,0.72,5.7239
0.14,0.26,2.4887
0.55,0.45,12.846
0.74,0.37,19.31
0.5,0.83,23.573
0.35,0.55,8.4869
0.7,0.36,16.626
0.51,0.85,25.319
0.41,0.17,4.8208
0.83,0.71,49.873
0.54,0.06,5.7498
0.95,1,127.8
0.83,0.54,35.534
0.78,0.49,27.697
0.58,0.78,27.194
0.2,0.96,12.362
0.53,0.12,6.1901
0.2,0.08,2.1558
0.18,0.45,4.1869
0.89,0.87,82.285
0.74,0.89,54.603
0.76,0.07,11.19
0.6,0.57,18.912
0.1,0.5,3.6003
0.71,0.71,34.786
0.69,0.5,21.59
0.84,0.91,76.711
0.46,0.12,5.0702
0.9,0.48,38.847
0.71,0.94,55.148
0.96,0.99,128.96
0.84,0.36,25.568
0.04,0.39,2.5697
0.5,0.01,4.4986
0.82,0.83,61.544
0.07,0.33,2.3478
0.2,0.79,8.7783
0.01,0.27,1.7723
0.75,0.76,43.33
0.35,0.94,18.65
0.13,0.85,8.0336
0.21,0.31,3.4712
0.83,0.08,14.175
0.31,0.42,5.8466
0.21,0.94,12.314
0.39,0.54,9.4173
0.37,0.9,18.363
0.36,0.08,3.4422
0.46,0.73,17.13
0.3,0.2,3.6282
0.96,0.41,40.511
0.37,0.37,6.4096
0.1,0.77,6.2716
0.03,0.44,2.6686
0.47,0.14,5.4242
0.64,0.52,19.303
0.87,0.2,20.401
0.98,0.05,20.913
0.22,0.45,4.7097
0.38,0.97,21.789
0.19,0.97,12.198
0.04,0.84,6.0569
0.99,0.27,33.449
0.3,0.25,4.0775
0.87,0.8,67.463
0.55,0.54,15.287
0.11,0.99,10.075
0.84,0.8,61.609
0.34,0.41,6.3151
0.01,0.44,2.3693
0.54,0.23,7.9965
0.34,0.28,4.8384
0.41,0.49,9.1045
0.73,0.51,24.74
0.4,0.9,19.947
0.43,0.3,6.6794
0.13,0.56,4.5313
0.26,0.5,5.9941
0.18,0.42,3.9809
0.2,0.95,12.219
0.94,0.79,81.302
0.31,0.27,4.2899
0.97,0.2,27.51
0.66,0.22,11.222
0.63,0.53,19.124
0.73,0.57,27.954
0.33,0.1,3.274
0.45,0.91,23.802
0.56,0.46,13.371
0.91,0.5,41.753
0.31,0.4,5.6066
0.59,0.35,11.722
0.91,0.03,16.228
0.21,0.86,10.58
0.75,0.28,16.608
0.04,0.72,4.7467
0.22,0.98,13.577
0.58,0.96,38.878
0.28,0.3,4.2278
0.04,0.13,1.4276
0.18,0.99,12.367
0.7,0.89,48.491
0.85,0.42,29.482
0.81,0.87,64.747
0.09,0.12,1.6059
0.98,0.39,41.234
0.42,0.01,3.6604
0.22,0.53,5.6017
0.88,0.78,66.745
0.74,0.23,14.628
0.91,0.55,46.055
0.25,0.57,6.5937
0.97,0.82,94.705
0.47,0.9,24.693
0.9,0.28,26.043
0.94,0.52,47.426
0.03,0.17,1.5792
0.6,0.55,18.201
0.38,0.35,6.2337
0.36,0.26,4.9644
0.7,0.17,11.454
0.1,0.57,4.282
0.64,0.81,34.35
0.62,0.03,6.7741
0.7,0.56,24.996
0.11,0,1.4358
0.14,0.03,1.6251
0.68,0.69,30.616
0.92,0.24,25.519
0.8,0.1,13.552
0.66,0.9,43.871
0.53,0.69,19.382
0.8,0.8,54.499
0.62,0.88,37.36
0.56,0.58,17.201
0.4,0.39,7.1937
0.54,0.39,10.97
0.58,0.46,14.274
0.76,0.99,70.685
0.34,0.52,7.7523
0.74,0.73,39.671
0.25,0.8,10.51
0.93,0.86,90.852
0.27,0.24,3.5426
0.06,0.48,3.1753
0.13,0.58,4.8492
0.75,0.85,51.89
0,0.39,2.231
0.1,0.58,4.3041
0.94,0.42,38.821
0.99,0.12,24.789
0.48,0.36,8.6807
0.38,0.57,9.7084
0.18,0.24,2.7777
0.82,0.88,68.085
0.53,0.7,19.87
0.24,0.15,2.7787
0.08,0.89,7.513
0.67,0.82,38.476
0.22,0.73,8.2809
0.45,0.07,4.4137
0,0.62,3.5033
0.64,0.49,18.1
0.02,0.12,1.2291
0.04,0.52,3.1364
0.55,0.21,7.9414
0.65,0.93,45.241
0.68,0.37,16.026
0.18,0.96,11.687
0.56,0.26,8.9695
0.71,0.83,44.232
0.87,0.66,50.96
0,0.67,3.8618
0.64,0.24,10.968
0.38,0.13,4.0592
0.53,0.38,10.562
0.3,0.43,5.7704
0.06,0.86,6.6932
0.8,0.2,16.39
0.3,0.78,11.658
0.15,0.06,1.8889
1,0.51,55.693
0.87,0.23,21.564
0.06,0.03,1.3272
0.57,0.28,9.6668
0.85,0.96,87.379
0.7,0.86,45.616
0.43,0.73,15.669
0.67,0.16,10.35
0.7,0.48,21.298
0.02,0.7,4.3405
0.1,0.1,1.5322
0.21,0.57,5.8754
0.25,0.41,4.736
0.29,0.61,7.983
0.41,0.81,17.282
0.63,0.18,9.5756
0.19,0.1,2.1873
0.93,0.69,64.7
0.35,0.87,16.223
0.19,0.17,2.5122
0.27,0.76,10.284
0.51,0.09,5.5222
0.72,0.89,51.39
1,0.63,70.881
0.53,0.61,16.545
1,0.11,25.005
0.17,0.63,5.821
0.44,0.29,6.7221
0.2,1,13.444
0.93,0.05,17.884
0.4,0.56,10.137
0.38,0.45,7.7833
0.22,0.97,13.404
0.91,0.32,29.245
0.05,0.02,1.1932
0.47,0.97,28.48
0.79,0.31,19.817
0.69,0.13,10.244
0.26,0.83,11.483
0.5,0.8,22.244
0.51,0.51,12.815
0.99,0.31,36.23
0.22,0.32,3.7044
0.79,0.32,20.324
0.75,0.95,63.453
0.19,0.59,5.6964
0.61,0.76,28.497
0.5,0.02,4.7
0.57,0.12,6.9796
0.46,0.81,20.122
0.44,0.61,12.645
0.33,0.55,8.076
0.23,0.38,4.1824
0.42,0.78,16.719
0.96,0.6,59.175
0.64,0.42,15.665
0.05,0.55,3.4783
0.47,0.31,7.6394
0.61,0.61,21.027
0.44,0.19,5.5379
0.02,0.6,3.5571
0.59,0.85,32.09
0.53,0.57,15.458
0.51,0.7,18.752
0.85,0.67,48.872
0.31,0.81,12.796
0.05,0.76,5.278
0.72,0.16,11.855
0.52,0.46,11.862
0.41,0,3.4009
0.87,0.72,57.469
0.44,0.75,16.861
0.88,0.47,35.896
0.53,0.47,12.43
0.08,0.18,1.8749
0.64,0.57,21.319
0.24,0.84,10.96
0.6,0.2,9.078
0.36,0.77,13.747
0.34,0.56,8.4706
0.05,0.21,1.7393
0.29,0.75,10.723
0.89,0.84,77.432
0.41,0.56,10.532
0.57,0.37,11.59
0.51,0.92,29.055
0.84,0.27,21.294
0.54,0.82,26.122
0.49,0.39,9.5136
0.43,0.68,14.168
0.54,0.77,23.601
0.27,0.99,16.242
1,0.21,30.608
0.17,0.22,2.5988
0.84,0.18,17.828
0.29,0.64,8.5425
0.54,0.79,24.468
0.05,0.32,2.151
0.57,0.88,32.173
0.7,0.84,43.883
0.7,0.31,15.248
0.18,0.93,11.045
0.86,0.02,13.747
0.51,0,4.5449
0.56,0.71,22.31
0.43,0.23,5.8194
0.8,0.63,38.819
0.88,0.01,14.315
0.72,0.45,21.398
0.42,0.15,4.7542
0.5,0.62,15.376
0.06,0.07,1.2982
0.9,1,109.9
0.59,0.76,26.841
0.27,0.2,3.4378
0.21,0.03,1.8631
0.49,0.26,7.298
0.12,0.5,3.9123
0.93,0.19,23.859
0.83,0.06,13.639
0.96,0.39,38.873
0.94,0.83,88.169
0.34,0.69,11.035
0.34,0.35,5.5902
0.93,0.68,63.407
0.38,0.72,13.206
0.69,0.38,16.806
0.24,0.03,2.2424
0.86,0.31,24.577
0.24,0.45,5.1059
0.94,0.7,68.057
0.61,0.99,45.159
0.8,0.25,18.128
0.45,0.08,4.5553
0.68,0.57,24.013
0.27,0.54,6.553
0.23,0.45,4.9698
0.87,0.92,85.638
0.74,0.95,61.611
0.17,0.34,3.2803
0.21,0.91,11.606
0.15,0.8,7.7341
0.63,0.2,9.8882
0.91,0.24,24.771
0,0.25,1.5742
0.56,0.67,20.538
0.58,0.67,21.777
0.99,0.58,62.212
0.15,0.2,2.2777
0.63,0.34,13.119
0.5,0.65,16.489
0.35,0.91,17.62
0.51,0.57,14.503
0.21,0.08,2.1689
0.6,0.8,29.99
0.4,0.16,4.6614
0.45,0.64,13.837
0.72,0.7,35.117
0.92,0.52,44.642
0.22,0.3,3.5326
0.12,0.11,1.8096
0.92,0.98,112.18
0.58,0.28,9.9963
0.04,0.62,3.8701
0.38,0.3,5.7113
0.77,0.3,18.357
0.22,0.2,2.8729
0.85,0.01,13.013
0.68,0.77,35.885
0.63,0.97,46.032
0.76,0.26,16.492
0.86,0.59,42.962
0.5,0.04,4.7909
0.63,0.68,25.809
0.21,0.17,2.7165
0.57,0.68,21.527
0.03,0.19,1.6047
0.87,0.63,47.975
0.75,0.13,12.307
0.01,0.57,3.2424
0.33,0.67,10.306
0.07,0.68,4.746
0.22,0.63,6.8452
0.17,0.9,10.052
0.81,0.01,11.549
0.57,0.17,7.7746
0.55,0.87,29.526
0.72,0.05,9.5927
0.08,0.86,7.1375
0.85,0.78,60.971
0.69,0.37,16.581
0.1,1,10.055
0.44,0.42,8.6923
0.83,0.9,72.927
0.18,0.46,4.2752
0.18,0.28,3.0081
0.6,0.64,21.806
0.25,0.44,5.1349
0.18,0.62,5.9774
0.27,0.33,4.439
0.27,0.29,3.9724
0.95,0.17,24.23
0.94,0.15,22.601
0.95,0.6,57.45
0.28,0.56,7.2174
0.14,0.46,3.9018
0.74,0.35,18.519
0.9,0.86,83.036
0.69,0.53,22.96
0.1,0.3,2.4814
0.71,0.36,17.29
0.69,0.66,29.671
0.86,0.28,23.038
0.1,0.64,4.7615
0.92,0.47,40.314
0.54,0.87,28.763
0.11,0.45,3.4407
0.55,0.78,24.818
0.8,0.68,42.987
0.19,0.29,3.0271
0.8,0.5,29.902
0.89,0.2,21.533
0.33,0.48,7.0246
0.73,0.31,16.611
0.23,0.36,4.154
0.74,0.77,42.945
0.15,0.46,3.8736
0.8,0.12,13.952
0.36,0.43,6.9572
0.28,0.45,5.7596
0,0.92,6.4197
0.95,0.84,92.855
0.27,0.18,3.2603
0.39,0.03,3.4042
0.86,0.7,53.479
0.41,0.46,8.4906
0.98,0.27,32.547
0.97,0.92,115.53
0.46,0.68,15.432
0.34,0,2.7641
0.23,0.29,3.4938
0.55,0.93,33.446
0.75,0.9,57.28
0.28,0.84,12.402
0.07,0.74,5.4068
0.1,0.26,2.2554
0.38,0.95,20.884
0.56,0.55,16.212
0.64,0.35,13.648
0.86,0.73,56.801
0.94,0.26,28.191
0.75,0.3,17.245
0.66,0.55,21.694
0.78,0.93,66.602
0.93,0.11,20.327
0.21,0.36,3.9348
0.37,0.05,3.3447
0.2,0.8,9.0106
0.09,0.69,5.147
0.53,0.62,16.931
0.06,1,8.8767
0.02,0.78,5.0563
0.8,0,10.951
0.96,0.24,28.807
0.36,0.88,17.065
0.86,0.66,49.354
0.84,0.4,27.622
0,0.33,1.8719
0.75,0.26,16.028
0.91,0.09,18.377
0.9,0.32,28.256
0.12,0.36,2.9218
0.68,0.54,22.665
0.72,0.65,31.788
0.41,0.72,14.375
0.3,0.32,4.6678
0.4,0.49,8.8974
0.6,0.39,13.151
0.35,0.41,6.466
0.86,0.17,18.602
0.71,0.49,22.438
0.4,0.87,18.942
0.3,0.44,5.9264
0.63,0.57,20.663
0.46,0,4.0118
0.9,0.95,99.579
0.18,0.86,9.686
0.69,0.64,28.494
0.64,0.2,10.098
0.35,0.79,13.824
0.13,0,1.4332
0.22,0.93,12.405
0.25,0.32,4.0241
0.09,0.8,6.4767
0.94,0.54,49.311
0.25,0.58,6.7651
0.71,0.43,19.897
0.06,0.74,5.2074
0.38,0.12,3.9033
0.51,0.55,13.913
0.68,0.6,25.52
0.65,1,52.001
0.36,0.57,9.1885
0.23,0.31,3.6137
0.17,0.56,5.1378
0.01,0.08,1.16
0.65,0.51,19.532
0.79,0.23,16.869
0.66,0.08,8.5469
0.31,0.01,2.5896
0.59,0.96,40.032
0.58,0.69,22.672
0.38,0.93,20.112
0.97,0.87,104.62
0.64,0.87,38.909
0.05,0.81,5.889
0.08,0.21,1.9346
0.78,0.18,14.884
0.28,0.03,2.4993
0.17,0.24,2.6765
0.22,0.01,1.9162
0.97,0.61,62.087
0.5,0.43,10.463
0.64,0.74,30.022
0.64,0.94,44.681
0.18,0.04,1.8547
0.59,0.38,12.561
0.49,0.8,21.49
0.7,0.59,26.623
0.31,0.59,8.2349
0.91,0.06,17.259
0.92,0.69,62.728
0.67,0.86,41.688
0.68,0.96,52.47
0.61,0.3,11.406
0.85,0.11,16.018
0.73,0.8,44.36
0.51,0.5,12.562
0.05,0.97,8.1158
0.24,0.02,2.1761
0.62,0.11,8.0696
0.5,0.09,5.307
0.77,0.75,45.218
0.24,0.55,6.2249
0.34,0.92,17.377
0.29,0.41,5.4048
0.57,0.95,37.066
0.46,0.84,21.246
0.2,0.72,7.6726
0.24,0.53,5.9658
0.6,0.9,36.576
0.9,0.64,53.62
0.16,0.74,7.1927
0.5,0.52,12.656
0.67,0.3,13.602
0.48,0.38,8.9927
0.42,0.71,14.566
0.43,0.15,4.9021
0.63,0.24,10.808
0.07,0.41,2.7283
0.21,0.05,2.0658
0.51,0.13,5.9549
0.55,0.38,11.075
0.27,0.57,7.0781
0.08,0.02,1.2473
0.69,0.12,10.091
0.15,0.65,5.8136
0.36,0.19,4.3058
0.14,0.6,5.0143
0.17,0.98,11.793
0.74,0.91,56.828
0.24,0.91,12.657
0.11,0.8,6.8907
0.55,0.15,6.9533
0.41,0.8,16.945
0.36,0.47,7.603
0.71,0.6,27.903
0.31,0.04,2.7698
0.74,0.14,12.241
0.2,0.28,3.2226
0.1,0.24,2.2284
0.05,0.34,2.2388
0.46,0.59,13.001
0.01,0.28,1.8415
0.52,0.85,26.032
0.61,0.73,26.826
0.54,0.88,29.254
0.25,0.86,11.852
0.53,0.56,15.023
0.82,0.99,84.752
0.95,0.05,19.049
0.87,0.26,22.837
0.72,0.51,24.026
0.58,0.84,30.532
0.51,0.15,6.2279
0.83,0,12.036
0.98,0.61,64.111
0.78,0.76,47.541
0.91,0.66,57.44
0.22,0.38,4.1579
0.25,0.2,3.1382
0.76,0.82,50.431
0.64,0.47,17.467
1,0.34,39.657
0.3,0.36,4.9682
0.73,0.97,62.152
0.4,0.14,4.3169
0.25,0.97,14.714
0.75,0.29,17.053
0.75,0.7,38.426
0.56,0.61,18.111
0.6,0.68,23.478
0.44,0.66,13.92
0.93,0.48,42.572
0,0.46,2.4726
0.29,0.77,11.065
0,0.8,4.959
0.47,0.63,14.427
0.99,0.45,48.067
0.12,0.59,4.6521
0.27,0.05,2.4109
0.6,0.37,12.636
0.04,0.54,3.3662
0.99,0.41,44.317
0.7,0.26,13.685
0.55,0.65,19.169
0.05,0.77,5.3704
0.91,0.68,59.698
0.6,0.94,39.553
0.95,0.21,26.294
0.84,0.84,66.684
0.6,0.43,14.284
0.56,0.68,20.916
0.54,0.24,8.2934
0.77,0.85,55.154
0.16,0.04,1.7681
0.77,0.39,21.906
0.7,0.29,14.581
0.36,0.79,14.358
0.06,0.64,4.314
0.33,0.11,3.2572
0.42,0.19,5.1456
0.32,0.28,4.6011
0.46,0.2,5.9365
0.72,0.28,15.168
0.31,0.31,4.7304
0.45,0.31,7.2062
0.07,0.44,2.9252
0.74,0.74,40.398
0.71,0.88,48.88
0.82,0.34,23.016
0.36,0.97,20.515
0.97,0.58,58.595
0.09,0.28,2.194
0.78,0.91,64.078
0.02,0.81,5.326
0.21,0.6,6.2309
0.42,0.55,10.544
0.54,0.26,8.4648
0.54,0.6,16.871
0.54,0.98,35.776
0.14,0.43,3.5592
0.61,0.1,7.6505
0.27,0.7,9.0935
0.44,0,3.8038
0.45,0.35,7.7653
0.92,0.07,18.216
0.67,0.02,7.7696
0.37,0.17,4.2015
0.21,0.14,2.409
0.11,0.87,7.8882
0.02,0.93,6.8089
0.48,0.28,7.3428
0.08,0.97,8.8976
0.99,0.59,63.399
0.68,0.43,18.172
0.31,1,18.791
0.05,0.62,4.057
0.58,0.13,7.4377
0.13,0.09,1.8261
0.16,0.47,4.1592
0,0.31,1.814
0,0.86,5.5815
0.82,0.75,52.496
0.13,0.13,1.9285
0.84,0.62,42.943
0.46,0.65,14.575
0.61,0.83,32.715
0.6,0.03,6.3927
0.76,0.65,35.801
0.17,0.01,1.7497
0.7,0.52,23.047
1,0.41,45.586
0.8,0.92,69.25
0.32,0.35,5.1797
0.21,0.16,2.6304
0.48,0.95,28.214
0.12,0.3,2.5674
0.22,0.72,8.2064
0.75,0.83,49.963
0.48,0.09,4.9829
0.29,0,2.2894
0.11,0.69,5.488
0.14,0.29,2.805
0.27,0.92,14.219
0.72,0.1,10.608
0.91,0.99,111.03
0.17,0.45,4.0449
0.55,0.12,6.5335
0.3,0.28,4.338
0.51,0.32,8.7062
0.93,0.76,74.499
0.74,0.1,11.29
0.73,0.26,15.051
0.35,0.74,12.53
0.08,0.15,1.6828
0.26,0.36,4.4842
0,0.29,1.741
0.04,0.73,4.9059
0.2,0.91,11.277
0.08,0.85,6.9801
0.16,0.11,1.9178
0.77,0.42,23.329
0.16,0.57,5.0299
0.37,0.08,3.5039
0.29,0.29,4.2441
0.71,0.08,9.8499
0.43,0.72,15.355
0.27,0.89,13.363
0.49,0.61,14.728
0.73,0.21,13.574
0.87,0.27,23.384
0.71,0.23,13.388
0.94,0.36,34.386
0.04,0.17,1.632
0.49,0.79,21.099
0.4,0.32,6.258
0.52,0.28,8.3473
0.98,0.85,103.51
0.47,0,4.0824
0.13,0.28,2.6449
0.58,0.5,15.542
0.56,0.38,11.416
1,0.29,35.911
0.31,0.52,7.0946
0.4,0.17,4.6794
0.85,0.5,34.802
0.83,0.98,85.64
0.45,0.39,8.4408
0.25,0.59,6.8966
0.93,0.13,21.111
0.01,0.97,7.2066
0.85,0.4,28.402
0.09,0.96,9.0149
0.68,0.45,18.926
0.26,0.3,4.0144
0.43,0.54,10.576
0.77,0.14,13.32
0.41,0.43,8.0364
0.84,0.86,69.362
0.81,0.9,68.79
0.24,0.62,7.051
0.2,0.23,2.9347
0.86,0.79,63.975
0.76,0.37,20.486
0.81,0.28,19.844
0.13,0.35,2.9758
0.66,0.98,51.459
0.3,0.85,13.359
0.62,0.29,11.408
0.93,0.32,30.848
0.46,0.98,28.186
0.03,0.02,1.1085
0.07,0.23,2.0209
0.83,0.09,14.469
0.79,0.27,18.418
0.49,0.31,7.9571
0.95,0.4,38.447
0.5,0.93,28.855
1,0.46,50.359
0.47,0.66,15.298
0.07,0.75,5.5391
0.52,0.57,14.888
0.57,0.48,14.517
0.82,0.94,76.6
0.09,0.31,2.4996
0.03,0.74,4.7727
0.49,0.11,5.4605
0.55,0.68,20.22
0.28,0.06,2.7338
0.85,0.21,19.579
0.32,0.29,4.7145
0.41,0.05,3.6589
0.42,0.72,14.852
0.23,0.79,9.6922
0.99,0,19.476
0.17,0.25,2.7336
0.03,0.66,4.124
0.25,0.48,5.5299
0.01,0.61,3.5991
0.64,0.51,18.908
0.26,0.47,5.5207
0.74,0.26,15.502
0.4,0.84,17.628
0.62,0.49,17.095
0.62,0.02,6.6575
0.49,0.9,26.279
0.06,0.32,2.3232
0.74,0.78,43.928
0.03,0.35,2.348
0.76,0.64,35.212
0.97,0.18,26.36
0.87,0.13,17.564
0.04,0.76,5.1236
0.36,0.04,3.2223
0.71,0.05,9.1755
0.91,0.48,40.044
0.29,0.1,2.9648
0.89,0.46,36.222
0.95,0.98,122.72
0.24,0.92,12.86
1,0.05,22.179
0.69,0.99,57.389
0.47,0.11,4.9052
0.74,0.5,25.041
0.34,0.18,3.913
0.64,0.05,7.4923
0.07,0.15,1.5817
0.26,0.48,5.7119
0.04,0.44,2.6895
0.82,0.55,35.1
0.12,0.92,9.0371
0.84,0.26,20.924
0.31,0.56,7.6221
0.59,0.19,8.5108
0.16,0.76,7.4069
0.67,0.29,13.33
0.5,0.58,14.305
0.77,0,10.125
0.06,0.85,6.5797
0,0.85,5.3724
0.93,0.95,108.81
0.21,0.69,7.4628
0.56,1,39.64
0.68,0.83,40.482
0.39,0.81,16.26
0.13,0.26,2.4582
0.44,0.31,7.0225
0.4,0.26,5.55
0.79,0.19,15.629
0.58,0.71,23.486
0.02,0.19,1.4515
0.95,0.76,79.115
0.97,0.04,19.902
0.84,0.68,48.398
0.88,0.46,35.12
0.89,0.26,24.304
0.78,0.05,11.474
0.79,0.16,14.677
0.55,0.84,27.98
0.97,0.45,45.211
0.89,0.62,49.908
0.99,0.68,75.904
0.74,0.96,62.747
0.61,0.06,7.0869
0.72,0.94,56.751
0.99,0.38,41.707
0,0.14,1.3525
0.32,0.8,12.993
0.17,0.4,3.7849
0.1,0.52,3.8323
0.06,0.47,3.075
0.11,0.32,2.7178
0.83,0.83,63.359
0.43,0.91,22.39
0.7,0.45,20.123
0.14,0.9,9.2272
0.66,0.85,39.586
0.76,0.29,17.478
0.08,0.58,4.0997
0.81,0.49,30.197
0.43,0.11,4.529
0.68,0.47,19.717
0.95,0.71,71.448
0.21,0.84,10.036
0.99,0.07,22.366
0.96,0.76,81.568
0.04,0.51,3.0007
0.36,0.56,9.0698
0.95,0.44,41.707
0.47,0.95,27.349
0.59,0.49,15.678
0.07,0.22,1.9488
0.93,0.64,58.605
0.4,0.81,16.663
0.82,0.52,33.14
0.29,0.72,10.074
0.28,0.29,4.1098
0.63,0.26,11.117
0.13,0.95,9.909
0.71,0.39,18.358
0.6,0.3,10.998
0.32,0.94,17.188
0.95,0.86,96.649
0.36,0.33,5.6857
0.13,0.77,6.8807
0.45,0.04,4.1296
0.61,0.57,19.505
0.35,0.5,7.7812
0.59,0.54,17.245
0.4,0.68,13.062
0.04,0.36,2.252
0.79,0.88,62.054
0.62,0.51,17.758
0.41,0.85,18.815
0.58,0.47,14.618
0.94,0.87,95.638
0.13,0.63,5.2471
0.59,0.36,12.079
0.51,0.49,12.253
0.3,0.61,8.2653
0.75,0.18,13.603
0.87,0.74,59.74
0.49,0.33,8.4465
0.8,0.75,49.502
0.92,0.7,64.192
1,0.67,76.676
0.07,0.61,4.1762
0.11,0.97,9.6176
0.55,0.2,7.8027
0.98,0.92,119.1
0.86,0.94,86.435
0.1,0.29,2.466
0.86,0.72,55.74
0.88,0.03,14.964
0.11,0.54,4.2738
0.44,0.69,14.962
0.61,0.94,40.785
0.36,0.69,11.741
0.29,0.58,7.6954
0.68,0.25,12.691
1,0.75,90.056
0.16,0.03,1.7028
0.13,0.91,9.0942
0.81,0.44,27.422
0.29,0.34,4.7247
0.38,0.42,7.3368
0.65,0.31,12.98
0.68,0.85,42.085
0.47,0.26,6.9121
0.04,0.79,5.5706
0.52,0.21,7.2132
0.07,1,9.1258
0.6,0.07,7.046
0.57,0.04,6.0329
0.53,0.68,19.074
0.64,0.21,10.441
0.68,0.7,31.176
0.76,0.7,39.639
0.78,0.66,38.834
0.31,0.24,4.1238
0.77,0.34,19.878
0.26,0.87,12.432
0.63,0.12,8.5153
0.79,0.62,36.979
0.02,0.02,1.1547
0.31,0.2,3.8363
0.05,0.15,1.5753
0.42,0.82,18.136
0.12,0.37,3.0842
0.28,0.9,14.034
0.8,0.05,12.15
0.1,0.98,9.5558
0.18,0,1.7504
0.82,0.04,12.654
0.85,0.15,17.245
0.5,0.23,7.0881
0.26,0.09,2.592
0.2,0.61,6.1883
0.71,0.67,32.139
0.53,0.59,16.001
0.94,0.99,121.5
0.71,0.41,19.139
0.33,0.44,6.4572
0.23,0.66,7.4241
0.81,0.62,39.16
0.66,0.29,12.934
0.48,0.6,14.047
0.32,0.09,3.0857
0.59,0.41,13.3
0.87,0.82,70.021
0.72,0.57,27.222
0.07,0.32,2.386
0.66,0.95,48.345
0.58,0.4,12.698
0.56,0.4,11.849
0.5,0.26,7.5901
0.54,0.65,18.579
0.54,0.52,14.36
0.67,0.01,7.6049
0.72,0.48,22.661
0.09,0.92,8.1886
0.4,0.44,8.0704
0.76,0.74,43.005
0.48,0.89,25.044
0.42,0.1,4.2768
0.61,0.22,9.6854
0.38,0.53,9.0169
0.79,0.77,49.858
0.99,0.24,31.543
0.95,0.46,43.345
0.24,0.78,9.7184
0.09,0.54,3.869
0.11,0.85,7.5919
0.78,0.07,11.906
0.88,0.63,49.41
0.5,0.48,11.803
0.09,0.79,6.2897
0.55,0.67,19.942
0.13,0.05,1.61
0.72,0.53,25.019
0.43,0.93,23.356
0.83,0.52,34.133
0.45,0.28,6.6484
0.84,0.71,51.382
0.34,0.96,18.945
0.18,0.56,5.2409
0.73,0.82,46.026
0.84,0.42,28.754
0.42,0.62,12.105
0.49,0.15,5.8371
0.25,0.69,8.4466
0.69,0.72,33.381
0.81,0.73,48.844
0.55,0.85,28.493
0.7,0.22,12.706
0.69,0.43,18.721
0.04,0.37,2.4295
0.47,0.33,7.9765
0.37,0.19,4.4167
0.52,0.26,8.0525
0.04,0.1,1.4058
0.6,0.63,21.339
0.83,0.22,18.757
0.65,0.1,8.592
0.46,0.89,23.587
0.07,0.09,1.459
0.81,0.56,34.805
0.46,0.58,12.682
0.31,0.25,4.1664
0.38,0.07,3.5916
0.22,0.54,5.7187
0.61,0.85,34.099
0.8,0.77,51.328
0.57,0.33,10.64
0.79,0.25,17.623
0.35,0.38,6.0834
0.99,0.26,32.767
0.85,0.61,43.408
0.02,0.26,1.6953
0.26,0.52,6.1801
0.12,0.41,3.1727
0.4,0.75,14.933
0.71,0.97,58.563
0.32,0.05,2.8656
0.39,0.88,18.699
0.47,0.48,10.64
0.96,0.03,18.94
0.99,0.94,127.82
0.92,0.91,97.554
0.27,0.07,2.6813
0.9,0.76,68.132
0.53,0.88,28.512
0.24,0.81,10.28
0.75,0.49,25.262
0.44,0.5,10.187
0.86,0,13.31
0.96,0.29,31.868
0.45,0.73,16.589
0.2,0.54,5.3409
0.22,0.65,7.0693
0.55,0.22,8.0967
0.83,0.66,45.115
0.64,0.59,22.232
0.23,0.65,7.3685
0.38,0.58,10.036
0.39,0.06,3.5926
0.48,0.42,9.7057
0.01,0,0.9867
1,0.43,47.56
0.35,0.34,5.5315
0.12,0.25,2.2433
0.13,0.76,6.7762
0.67,0.89,44.149
0.44,0.3,6.872
0.99,0.6,64.734
0.29,0.11,2.892
0.44,0.98,26.542
0.64,0.72,28.818
0.1,0.02,1.505
0.98,0.12,24.123
0.11,0.75,6.2698
0.99,0.78,92.846
0.18,0.35,3.4647
0.81,0.53,32.791
0.58,0.11,7.1222
0.44,0.01,3.9013
0.83,0.94,79.074
0.38,0.82,16.082
0.25,0.46,5.3563
0.8,0.27,18.877
0.07,0.27,2.1076
0.13,0.39,3.243
0.81,0.04,12.208
0.46,0.04,4.2712
0.43,0.5,9.768
0.17,0.64,5.9662
0.96,0.62,61.575
0.86,0.21,20.231
0.91,0.95,102.61
0.78,0.04,11.293
0.55,0.91,32.019
0.77,0.63,35.564
0.24,0.13,2.7086
0.53,0.33,9.4744
0.39,1,23.828
0.06,0.95,8.0396
0.17,0.69,6.6201
0.08,0.69,5.0807
0.15,0.24,2.6343
0.55,0.49,13.881
0.4,0.12,4.2119
0.27,0.53,6.484
0.07,0.96,8.397
0.22,0.19,2.8285
0.01,0.42,2.4017
0.44,0.51,10.352
0.09,0.71,5.4047
0.49,0.97,30.314
0.37,0.35,6.0952
0.87,0.35,27.347
0.88,0.16,19.376
0.46,0.6,13.233
0.77,0.54,29.651
0.62,0.14,8.4619
0.89,0.37,30.254
0.57,0.63,19.497
0.61,0.5,16.988
0.65,0.78,33.369
0.17,0.46,4.1259
0.65,0.58,22.454
0.47,0.36,8.4391
0.97,0.15,24.855
0.02,0.79,5.1696
0.34,0.89,16.432
0.1,0.78,6.3748
0.31,0.53,7.3268
0.38,0.91,19.323
0.67,0.79,36.214
0.48,0.82,21.766
0.81,0.98,80.596
0.39,0.83,16.986
0.29,0.18,3.442
0.85,0.56,39.182
0.16,0.19,2.4012
0.68,0.35,15.416
0.51,0.6,15.324
0.93,0.79,79.038
0.71,0.62,29.154
0.85,0.52,36.286
0.97,0.93,117.83
0.42,0.73,15.062
0.09,0.58,4.1722
0.44,0.11,4.7332
0.12,0.06,1.5922
0.08,0.92,8.0385
0.13,0.83,7.8216
0.66,0.34,14.225
0.07,0.9,7.4748
0.59,0.25,9.6822
0.5,0.91,27.752
0.05,0.69,4.6008
0.09,0.38,2.7898
0.78,0.02,10.775
0.93,0.39,35.524
0.11,0.65,5.026
0.4,0.36,6.8413
0.64,0.23,10.809
0.29,0.89,14.177
0.73,0.05,9.9581
0.43,0.22,5.7168
0.14,0.23,2.4323
0.06,0.22,1.7799
0.86,1,97.436
0.1,0.44,3.2196
0.16,0.68,6.2919
0.75,0.04,10.253
0.14,0.45,3.7663
0.69,0.93,50.811
0.78,0.63,36.644
0.88,0.92,88.17
0.2,0.43,4.2504
0.22,0.92,12.214
0.32,0.72,11.015
0.7,0.42,18.971
0.3,0.91,15.118
0.39,0.21,4.825
0.8,0.98,78.275
0.55,0.63,18.336
0.51,0.17,6.4613
0.04,0.68,4.4892
0.65,0.56,21.516
0.38,0.22,4.8231
0.44,0.05,4.1345
0.77,0.77,47.067
0.88,0.56,42.938
0.49,0.82,22.299
0,0.77,4.6865
0.25,0.23,3.385
0.29,0.19,3.4137
0.41,0.22,5.2574
0.75,0.89,56.233
0.73,0.64,32.059
0.28,0.39,5.1444
0.35,0.33,5.4976
0.32,0.75,11.735
0.37,0.76,13.881
0.03,0.73,4.6622
0.55,0.17,7.3716
0.5,0.66,16.756
0.79,0.43,25.253
1,0.88,116.72
0.64,0.56,20.932
0.44,0.57,11.718
0.77,0.25,16.62
0.88,0.72,59.171
0.49,0.48,11.345
0.25,0.25,3.5965
0.53,0.8,24.256
0.97,0.97,127.64
0.96,0.85,97.534
0.53,0.09,5.8815
0.59,0.17,8.2969
0.65,0.82,36.257
0.86,0.5,36.004
0.37,0.06,3.3497
0.17,0.43,3.947
0.62,0.23,10.269
0.25,0.81,10.734
0.73,0.49,23.827
0.82,0.51,32.51
0.18,1,12.671
0.35,0.68,11.154
0.91,0.92,96.607
0.21,0.01,1.9433
0.2,0.13,2.3529
0.65,0.59,22.927
0.15,0.38,3.3442
0.54,0.13,6.5726
0.15,0.52,4.4326
0.9,0.5,40.457
0.8,0.65,40.486
0.26,0.17,3.0512
0.35,0.31,5.295
0.77,0.26,16.95
0.06,0.98,8.5557
0.18,0.82,8.9813
0.9,0.09,17.823
0.32,0.89,15.504
0.72,0.54,25.561
0.37,0.71,12.487
0.95,0.85,94.662
0.31,0.23,3.9924
0.59,0.46,14.806
0.69,0.82,40.798
0.12,0.33,2.652
0.01,0.89,6.0759
0.46,0.72,16.826
0.31,0.83,13.278
0.17,0.58,5.286
0.49,0.3,7.9571
0,0.26,1.6893
0.81,0.2,16.878
0.38,0.49,8.3097
0.36,0.21,4.5123
0.8,0.41,24.917
0.79,0.75,47.945
0.08,0.53,3.6906
0.03,0.95,7.3641
0.11,0.44,3.3919
1,0.02,21.016
0.2,0.48,4.7349
0.61,0.62,21.564
0.59,0.78,27.925
0.97,0.63,64.534
0.94,0.41,38.065
0.1,0.41,3.0589
0.38,0.75,14.011
0.87,0.59,44.17
0.65,0.67,26.92
0.59,0.12,7.4805
0.78,0.31,19.268
0.47,0.12,5.1792
0.77,0.82,52.017
0.49,0.84,23.339
0.74,0.19,13.452
0,0.22,1.4689
0.48,0.24,6.8834
0.52,0.54,13.962
0.47,0.41,9.4021
0.25,0.29,3.736
0.42,0.93,22.642
0.55,0.04,5.6115
0.72,0.58,27.683
0.59,0.68,22.859
0.3,0.54,7.2793
0.43,0.37,7.5845
0.12,0.8,7.1092
0.91,0.61,51.948
0.01,0.09,1.2847
0.51,0.91,28.636
0.93,0.03,17.21
0.02,0.97,7.3723
0.98,0.79,91.826
0.7,0.78,38.935
0.18,0.91,10.498
0.9,0.38,31.82
0.35,0.28,5.0029
0.09,0.34,2.6005
0.08,0.82,6.5379
0.42,0.27,6.0092
0.48,0.7,17.144
0.14,0.65,5.495
0.16,0.93,10.326
0.61,0.24,10.116
0.03,0,1.1523
0.57,0.57,17.196
0.82,0.31,21.802
0.4,0.82,17.024
0.84,0.05,13.768
0.35,0.37,5.985
0.41,0.32,6.4726
0.93,0.29,28.941
0.05,0.14,1.5611
0.68,0.34,15.236
0.06,0.01,1.2824
0.92,0.34,31.157
0.19,0.73,7.6328
0.38,0.15,4.2332
0.83,0.2,17.944
0.29,0.83,12.597
0.8,0.39,24.004
0.46,0.01,4.0029
1,0.99,145.54
0.57,0.9,33.43
0.89,0.59,46.953
0.15,0.09,1.9403
0.3,0.47,6.3243
0.17,0.5,4.5278
0.01,0.58,3.3854
0.89,0.01,14.787
0.4,0.2,4.8622
0.91,0.93,98.482
0.93,0.61,55.217
0.36,0.75,13.147
0.97,0,18.269
0.67,0.78,35.44
0.16,0.95,10.773
0.9,0.39,32.435
0.57,0.14,7.33
0.09,0.3,2.3752
0.12,0.18,2.101
0.1,0.11,1.6812
0.82,0.16,16.196
0.79,0.8,52.933
0,0.69,4.0103
0.44,0.48,9.8257
0.6,0.44,14.553
0.71,0.9,50.887
0.82,0.64,42.044
0.84,0.24,20.112
0.74,0.03,9.7789
0.8,0.4,24.522
0.72,0.9,52.526
0.75,0.01,9.6795
0.22,0.11,2.3348
0.85,0.36,26.281
0.06,0.72,5.0484
0.14,0.09,1.7802
0.59,0.51,16.261
0.19,0.57,5.4616
0.46,0.99,28.778
0.72,0.33,16.724
0.43,0.18,5.1457
0.62,0.53,18.686
0.85,0.13,16.54
0.84,0.87,70.838
0.76,0.52,27.747
0.06,0.28,2.1064
0.86,0.19,19.282
0.62,0.08,7.482
0.39,0.34,6.4039
0.67,0.55,22.382
0.33,0.56,8.1626
0.19,0.89,10.406
0.51,0.2,6.9388
0.73,0.38,19.184
0.98,0.53,54.601
0.45,0.81,19.538
0.24,0.04,2.2337
0.27,0.71,9.3412
0.06,0.25,2.0479
0.73,0.95,59.845
0.4,0.73,14.246
0.34,0.43,6.6174
0.25,0.43,5.041
0.56,0.37,11.191
0.25,0.04,2.3073
0.94,0.95,112.09
0.83,0.72,50.899
0.89,0.06,16.357
0.25,0.93,13.598
0.5,0.15,6.0864
0.44,0.26,6.3293
0.51,0.02,4.7912
0.94,0.66,62.804
0.66,0.93,46.548
0.13,0.87,8.4633
0.72,0.66,32.47
0.43,0.46,9.18
0.59,0.81,29.715
0.98,0.04,20.488
0.21,0.13,2.4817
0.34,0.51,7.7345
0.72,0.72,36.686
0.01,0.75,4.6341
0.16,0.66,6.1589
0.69,0.56,24.352
0.96,0.06,20.137
0.49,0.93,27.903
0.71,0.35,16.967
0.4,0.24,5.3891
0.55,0.61,17.648
0.51,0.89,27.38
0.74,0.97,64.072
0.16,0.22,2.4
0.84,0.95,83.14
0.98,0.15,25.629
0.89,0.29,25.691
0.16,0.86,8.9553
0.08,0.46,3.1918
0.81,0.58,36.172
0.9,0.06,16.74
0.08,0.79,6.2375
0.99,0.44,46.927
0.92,0.21,24.053
0.97,0.91,113.26
0.04,0.07,1.3593
0.79,0.83,56.249
0.64,0.62,23.558
0.76,0.44,23.493
0.25,0.51,5.9198
0.87,0.03,14.352
0.2,0.33,3.6073
0.72,0.59,28.352
0.12,0.89,8.4103
0.75,0.43,22.485
0.65,0.81,35.491
0.23,0.44,4.7704
0.81,0.26,19.041
0.57,1,40.798
0.04,0.89,6.7335
0.32,0.01,2.634
0.63,0.15,8.9837
0.97,0.69,73.012
0.26,0.45,5.4215
0.5,0.28,7.7747
0.04,0.45,2.7471
0.96,0.72,75.24
0.54,0.03,5.4213
1,0.06,22.675
1,0.89,119.04
0.1,0.63,4.762
0.88,0.19,20.531
0.1,0.12,1.7733
0.6,0.91,37.462
0.67,0.27,12.729
0.43,0.82,18.755
0.4,0.47,8.502
0.42,0.75,15.803
0.59,0.97,40.712
0.4,0.09,3.9541
0.21,0.93,11.999
0.51,0.84,24.797
0.84,0.57,38.851
0.5,0.4,10.033
0.39,0.49,8.5378
0.08,0.03,1.3824
0.79,0.58,34.102
0.44,0.16,5.2289
0.69,0.98,56.167
0.73,0.48,23.318
0.27,0.3,4.043
0.96,0.66,66.761
0,0.78,4.8124
0.48,0.63,14.886
0.62,0.41,14.564
0.33,0.45,6.5895
0.45,0.67,14.728
0.28,0.83,12.132
0.54,0.53,14.513
0.78,0.06,11.693
0.09,0.63,4.5581
0.26,0.8,10.872
0.46,0.36,8.0498
0.68,0.66,28.757
0.3,0.72,10.462
0.14,0.54,4.5177
0.62,0.89,38.093
0.28,0.55,7.0921
0.82,0.29,20.911
0.35,0.97,19.94
0,0.42,2.3436
0.58,0.79,27.611
0.01,0.29,1.9003
0.11,0.91,8.6309
0.06,0.99,8.6622
0.01,0.38,2.2667
0.2,0.78,8.6683
0.38,0.31,5.7837
0,0.19,1.367
0.93,0.2,24.286
0.93,0.78,77.41
0.25,0.63,7.4695
0.13,0.12,1.9085
0.91,0.33,29.735
0.51,0.37,9.6402
0.39,0.12,4.063
0.57,0.27,9.4607
0.57,0.15,7.4225
0.56,0.99,38.845
0.92,0.12,20.09
0.28,0.79,11.191
0.77,0.94,65.975
0.65,0.89,41.588
0.5,0.2,6.6901
0.37,0.28,5.3448
0.29,0.81,12.07
0.59,0.47,15.029
0.98,0.59,61.512
0.34,0.99,20.125
0.16,0.51,4.4909
0.73,0.03,9.6503
0.53,0.11,6.0148
0.78,0.61,35.226
0.04,0.55,3.3415
0.98,0.65,69.283
0.7,0,8.1193
0.93,0.6,54.009
0.74,0.76,42.109
0.94,0.14,22.191
0.62,0.92,40.444
0.06,0.76,5.4975
0.79,0.97,74.378
0.84,0.11,15.476
0.2,0.09,2.1915
0.49,0.2,6.4692
0.88,0.25,23.036
0.24,0.37,4.3378
0.9,0.67,56.844
0.14,0.63,5.3262
0.15,0.12,2.014
0.72,0.29,15.475
0.54,0.09,5.9546
0.6,0.05,6.7217
0.76,0.21,14.904
0.25,0.37,4.4584
0.48,0.59,13.727
0.06,0.14,1.6677
0.11,0.79,6.6692
0.36,0.68,11.515
0.49,0.86,24.341
0.65,0.26,11.725
0.09,0.7,5.2794
0.9,0.27,25.583
0.48,0.85,23.128
0.94,0.89,99.59
0.23,0.52,5.6882
0.66,0.86,40.478
0.87,0.6,45.098
0.7,0.81,41.37
0.44,0.28,6.6196
0.18,0.85,9.3439
0.85,0.47,32.83
0.08,0.9,7.7224
0.46,0.66,14.909
0.93,0.85,89.064
0.87,0.62,47.011
0.27,0.93,14.46
0.64,0.03,7.3356
0.66,0.36,14.838
0.97,0.8,90.983
0.56,0.76,24.486
0.66,0.76,33.15
0.56,0.15,7.287
0.46,0.19,5.8135
0.34,0.33,5.283
0.61,0.93,39.969
0.07,0.43,3.0105
0.04,0.16,1.6293
0.11,0.15,1.9356
0.22,0.51,5.32
1,0.49,53.492
0.2,0.01,1.8055
0.69,0.39,17.309
0.11,0.29,2.4981
0.81,0.09,13.646
0.75,0.1,11.61
0.9,0.18,21.29
0.67,0.28,13.13
0.17,0.38,3.5911
0.12,0.86,7.9759
0.6,0.26,10.114
0.27,0.35,4.5613
0.28,0.77,10.801
0.8,0.18,15.808
0.47,0.01,4.1876
0.35,0.78,13.549
0.39,0.02,3.3478
0.21,0.22,2.972
0.63,0.99,47.929
0.28,0.58,7.3136
0.53,0.94,32.304
0.9,0.7,60.33
0.05,0.22,1.8565
0.39,0.23,5.1406
0.87,0.56,41.795
0.34,0.19,4.132
0.55,0.99,37.764
0.01,0.47,2.617
0.21,0.83,9.8811
0.14,0.85,8.3203
0.82,0.95,78.219
0.43,0.7,14.685
0.2,0.12,2.3674
0.98,0.23,29.896
0.96,0.87,101.44
0.66,0.37,15.15
0.63,0.06,7.457
0.54,0.99,36.612
0.92,0.88,91.844
0.52,0.36,9.6731
0.26,0.94,14.356
0.71,0.99,60.817
0.04,0.15,1.5541
0.23,0.91,12.384
0.5,0.54,13.214
0.99,0.55,58.628
0.93,0.08,19.122
0.28,0.64,8.292
0.08,0.39,2.7484
0.38,0.86,17.405
0.52,0.3,8.5922
0.1,0.91,8.3507
0.19,0.06,2.0379
0.08,0.84,6.8407
0.35,0.29,5.123
0.35,0.05,3.0887
0.55,0.7,21.237
0.23,0.23,3.1208
0.06,0.34,2.3805
0.47,0.86,22.827
0.96,0.8,88.232
0.32,0.68,10.085
0.79,0.91,65.995
0.51,0.3,8.3894
0.15,0.95,10.519
0.41,0.84,18.37
0.48,0.55,12.74
0.59,0.63,20.645
0.52,0.71,19.678
0.53,0.9,29.567
0.54,0.54,14.957
0.46,0.57,12.415
0.49,0.22,6.7696
0.24,0.4,4.5778
0.48,0.19,6.1311
0.11,0.28,2.4208
0.21,0.55,5.6921
0.39,0.94,21.095
0.44,0.13,4.8188
0.16,0.52,4.4662
0.68,0.04,8.3745
0.51,0.47,11.824
0.35,0.39,6.245
0.14,0.55,4.5531
0.11,0.55,4.1143
0.4,0.18,4.7357
0.99,0.09,23.329
0.73,0.16,12.216
0.36,0.83,15.589
0.63,0.46,16.599
0.51,0.63,16.323
0.25,0.54,6.2692
0.48,0.43,10.063
0.07,0.77,5.7871
0.82,0.01,11.89
0.59,0.7,23.765
0.81,0.94,74.378
0.92,0.13,20.421
0.58,0.38,12.197
0.71,0.16,11.717
0.89,0.7,58.468
0.89,0.63,50.888
0.5,0.73,19.374
0.54,0.62,17.357
0.3,0.24,3.9652
0.35,0.76,13.099
0.51,0.27,7.9278
0.51,0.16,6.3679
0.9,0.23,23.531
0.64,0.76,31.219
0.28,0.69,9.072
0.33,0.25,4.4136
0.35,0.82,14.651
0.88,0.43,33.142
0.03,0.13,1.3465
0.76,0.45,23.982
0.85,0.77,59.795
0.79,0.63,37.684
0.75,0.99,68.674
0.2,0.32,3.365
0.62,0.55,19.393
0.94,0.81,84.722
0.51,0.53,13.291
0.59,0.64,21.076
0.17,0.33,3.2136
0.56,0.69,21.397
0.63,0.47,16.916
0.75,0.78,45.112
0.29,0.63,8.3741
0.04,0.81,5.6331
0.11,0.7,5.6499
0.69,0.11,9.9431
0.02,0.38,2.2855
0.14,0.25,2.5951
0.65,0.75,31.451
0.89,0.71,59.655
0.72,0.5,23.576
0.66,0.56,22.225
0.99,0.04,21.136
0.58,0.31,10.628
0.72,0.03,9.107
0.54,0.27,8.6825
0.79,0.52,30.354
0.75,0.79,46.026
0.69,0.59,25.788
0.64,0.7,27.664
0.38,0.68,12.165
0.25,0.49,5.7954
0.19,0.43,4.2102
0.2,0.22,2.883
0.62,0.99,46.54
0.31,0.44,6.1246
0.28,0.43,5.5867
0.68,0.11,9.5047
0.15,0.07,1.8342
0.58,0.6,18.882
0.84,0.3,22.605
0.08,0.66,4.6945
0.95,0.77,80.607
0.43,0.83,19.101
0.87,0.29,24.294
0.79,0,10.72
0.96,0.14,23.549
0.18,0.11,2.2399
0.43,0.71,15.025
0.55,0.32,9.8713
0.52,0.73,20.55
0.98,0.5,51.37
0.61,0.67,23.779
0.55,0.36,10.711
0.9,0.87,84.818
0.95,0.67,65.948
0.94,0.44,40.323
0.99,0.92,122.73
0.19,0.93,11.31
0.62,0.04,6.9872
0.62,0.78,30.512
0.64,0.46,17.203
0.33,0.37,5.6103
0.14,0,1.6914
0.85,0.39,27.958
0.06,0.15,1.633
0.4,0.22,5.147
0.18,0.73,7.4288
0.13,0.4,3.3291
0.68,0.9,46.503
0.97,0.86,102.55
0.84,0.13,16.17
0.19,0.71,7.3121
0.47,0.1,5.03
0.43,0.99,26.342
0.21,0.33,3.5609
0.17,0.72,6.9949
0.08,0.56,3.9026
0.74,0.55,27.77
0.72,0.2,12.986
0.23,0.46,5.0184
0.51,0.74,20.301
0.36,0.35,5.9096
0.67,0.69,29.686
0.92,0.89,93.857
0.36,0.55,8.8756
0.73,0.62,30.861
0.16,0.31,3.0526
0.05,0.96,7.9547
0.77,0.96,68.775
0.95,0.14,23.023
0.54,0.78,24.048
0.67,0.32,14.163
0.37,0.67,11.628
0.75,0.92,59.709
0.64,0.04,7.4121
0.57,0.4,12.345
0.37,0.73,13.12
0.51,0.18,6.5604
0.58,0.73,24.564
0.67,0.03,7.8517
0.42,0.46,8.8384
0.43,0.61,12.298
0.07,0.94,8.0675
0.44,0.33,7.2143
0.82,0.18,16.724
0.58,0.62,19.687
0.51,0.04,5.007
0.14,0.15,2.064
0.14,0.56,4.5708
0.61,0.64,22.346
0.24,0.67,7.8091
0.81,0.34,22.436
0.79,0.93,68.63
0.23,0.56,6.1772
0.7,0.08,9.5831
0.22,0.67,7.4745
0.41,0.98,24.407
0.26,0.43,5.1739
0.71,0.4,18.664
0.98,0.71,78.37
0.87,0.46,34.12
0.51,0.64,16.634
0.3,0.3,4.4704
0.63,0.7,26.861
0.81,0.97,78.984
0.66,0.77,33.779
0.82,0.63,41.283
0.32,0.79,12.756
0.92,0.17,22.22
0.33,0,2.5676
0.9,0.19,21.749
0.3,0,2.4248
0.18,0.27,2.8867
0.12,0.22,2.2051
0.2,0.86,10.128
0.43,0.55,10.944
0.13,0.33,2.8144
0.96,0.58,56.793
0.59,0.39,12.791
0.81,0.64,40.846
0.9,0.88,86.527
0.52,0.49,12.728
0.75,0.31,17.72
0.71,0.25,13.793
0.91,0.15,20.68
0.85,0.06,14.417
0.95,0.57,54.025
0.13,0.36,3.0973
0.4,0.23,5.2251
0.46,0.08,4.624
0.71,0.27,14.467
0.27,0.39,4.8707
0.27,0.59,7.3042
0.23,0.75,8.9528
0.13,0.53,4.2901
0.44,0.04,4.0894
0.98,0.83,99.49
0.66,0.45,17.85
0.34,0.57,8.7382
0.18,0.77,7.9989
0.27,0.17,3.1621
0.56,0.89,31.925
0.59,0.23,9.1295
0.32,0.15,3.4862
0.15,0.66,5.8951
0.87,0.93,87.296
0.04,0.3,2.0156
0.81,0.8,56.29
0.98,0.81,95.513
0.42,0.37,7.3819
0.41,0.79,16.645
0.63,0.23,10.484
0.5,0.64,16.064
0.83,0.03,12.846
0.17,0.68,6.6035
0.81,0.45,27.92
0.07,0.53,3.6562
0.78,0,10.431
0.36,0.41,6.5728
0.18,0.64,6.2531
0.95,0.12,21.915
0.37,0.02,3.192
0.95,0.61,58.596
0.33,0.41,6.0869
0.06,0.96,8.2494
0.95,0.99,125.24
0.15,0.34,2.9763
0.82,0.49,31.169
0.77,0.21,15.426
0.75,0.05,10.449
0.76,0.84,52.479
0.61,0.11,7.7126
0.22,0.21,2.9705
0.74,0.7,37.441
0.47,0.92,25.77
0.63,0.66,24.82
0.99,0.14,25.921
0.25,0.72,8.8761
0.79,0.59,34.809
0.3,0.5,6.6234
0.25,0.09,2.5434
0.68,0.74,33.861
0.44,0.93,24.016
0.78,0.33,20.034
0.17,0.61,5.6073
0.98,0.29,33.799
0.37,0.15,4.061
0.24,0.49,5.4414
0.83,0.81,60.895
0.25,0.96,14.366
0,0.79,4.8291
0.8,0.74,48.36
0.73,0.92,56.247
0,0.81,5.1256
0.99,0.88,113.3
0.07,0.14,1.679
0.58,0.87,32.489
0.99,0.34,38.445
1,0.18,28.765
0.52,0.34,9.3741
0.25,0.68,8.2823
0.96,0.84,95.496
0.48,0.04,4.5964
0.15,0.68,6.1926
0.94,1,124.04
0.98,0.77,88.228
0.87,0.37,28.514
0.52,0.43,11.137
0.41,0.04,3.6744
0.46,0.25,6.5593
0.92,0.64,56.822
0.9,0.03,15.817
0.27,0.46,5.5903
0.78,0.3,18.851
0.26,0,2.1615
0.19,0.09,2.0685
0.11,0.16,1.8687
0.63,0.81,33.477
0.11,0.67,5.3377
0.94,0.21,25.496
0.39,0.28,5.6883
0.63,0.85,36.206
0.88,0.68,54.525
0.84,0.52,35.17
0.36,0.59,9.6507
0.81,0.25,18.709
0.35,0.22,4.4193
0.94,0.55,50.354
0.76,0.49,26.05
0.92,0.26,26.639
0.82,0,11.654
0.55,0.39,11.318
1,0.08,23.55
0.63,0.22,10.323
0.48,0.97,29.403
0.03,0.96,7.5358
0.35,0.67,10.993
0.42,0.05,3.8128
0.47,0.52,11.571
0.88,0.18,20.078
0.15,0.14,1.9901
0.51,0.87,26.327
0.96,0.67,68.018
0.15,0,1.5056
0.4,0.83,17.456
0.07,0.02,1.1372
0.73,0.93,57.431
0.18,0.78,8.136
0.26,0.6,7.165
0.62,0.96,43.765
0.53,0.99,35.444
0.05,0.99,8.3818
0.17,0.76,7.7208
0.6,0.67,23.145
0.83,0.74,52.973
0.34,0.47,7.1891
0.93,0.52,46.011
0.48,0.57,13.225
0.38,0.25,5.2094
0.54,0.37,10.643
0.87,0.08,15.96
0.4,0.61,11.178
0.43,1,26.87
0.27,0.62,7.8326
0.93,0.82,83.995
0.22,0.84,10.414
0.07,0.08,1.4234
0.05,0.07,1.3498
0.76,0.27,16.747
0.63,0.72,27.895
0.36,0.36,6.0317
0.09,0.41,2.9357
0.22,0.34,3.8551
0.58,0.21,8.7567
1,0.36,41.168
0.55,0.03,5.5997
0.3,0.74,10.925
0.11,0.3,2.6067
0.66,0.16,9.8533
0.61,0.71,25.728
0.45,0.24,6.2804
0.82,0.57,36.623
0.39,0.51,8.9392
0.42,0.31,6.5066
0.74,0.32,17.491
0.45,0.37,8.1744
0.94,0.05,18.443
0.78,0.53,30.057
0.94,0.45,41.278
0,0.32,1.8344
0.56,0.16,7.338
0.77,0.37,21.103
0.49,0.88,25.378
0.7,0.13,10.57
0.08,0.2,1.8195
0.64,0.61,22.993
0.46,0.78,18.837
0.48,0.62,14.482
0.52,0.02,4.8978
0.84,0.83,65.359
0.92,0.83,82.997
0.11,0.35,2.8212
0.43,0.43,8.6158
0,0.83,5.3748
0.34,0.7,11.087
0.2,0.7,7.419
0.52,0.78,22.606
0.06,0.87,6.8723
0.81,0.14,15.013
0.14,0.64,5.5339
0.92,0.5,42.898
0.26,0.86,12.233
0.02,0.32,2.0597
0.81,0.7,45.968
0.73,0.2,13.275
0.01,0.55,3.1688
0.41,0.25,5.5527
0.44,1,27.54
0.42,0.35,7.0672
0.09,0.01,1.2821
0.91,0.67,58.613
0.37,0.66,11.335
0.46,0.29,7.154
0.69,0.32,15.07
0.34,0.44,6.7447
0.15,0.58,5.032
0.89,0.43,34.13
0.41,0.89,20.337
0.29,0.06,2.7024
0.21,0.53,5.3927
0.36,0.7,11.988
0.46,0.48,10.382
0.59,0.16,8.0384
0.87,0.05,14.992
0.24,0.87,11.826
0.23,0.12,2.5587
0.19,0.36,3.578
0.5,0.36,9.1549
0.67,0.21,11.321
0.6,0.22,9.3874
0.84,0.39,27.004
0.7,0.37,17.126
0.04,0.82,5.7878
0.56,0.04,5.8744
0.03,0.79,5.3436
0.66,0.15,9.6533
0.95,0.3,31.527
0.5,0.17,6.2371
0.44,0.84,20.114
0.49,0.05,4.8562
0.11,0.23,2.2645
0.81,0.03,12.041
0.08,0.35,2.4898
0.31,0.26,4.2776
0.84,0.38,26.462
0.4,0.86,18.63
0.96,0.02,18.558
0.87,0.49,36.294
0.16,0.46,3.9803
0.75,0.47,24.308
0.99,0.87,110.98
0.98,0.6,62.797
0.45,0.84,20.723
0.39,0.48,8.4182
0.34,0.53,8.0337
0.15,0.88,8.986
0.03,0.25,1.7082
0.62,0.74,28.161
0.05,0.59,3.6437
0.94,0.47,42.993
0.89,0.57,45.142
0.77,0.49,26.86
0.98,0.34,37.289
0.12,0.26,2.4272
0.23,0.81,10.145
0.45,0.03,4.0256
0.64,0.36,14.032
0.57,0.79,26.85
0.21,0.35,3.8742
0.71,0.95,56.244
0.8,0.54,32.589
0.68,0.4,17.077
0.16,0.71,6.6871
0.89,0.6,47.995
0.86,0.95,88.268
0.4,0.88,19.289
0.52,0.89,28.082
0.11,0.83,7.2657
0.37,0.69,12.191
0.89,0.33,27.899
0.68,0.55,23.177
0.61,0.63,21.988
0.62,0.43,15.168
0.36,0.13,3.7546
0.34,0.04,2.9475
0.01,0.6,3.3317
0.12,0.71,5.9669
0.94,0.06,18.944
0.77,0.52,28.516
0.03,0.04,1.1524
0.96,0.86,99.461
0.2,0.49,4.8994
0.98,0.58,60.287
0.94,0.25,27.665
0.96,0.43,42.189
0.63,0.21,9.999
0.67,0.7,30.266
0.2,0.89,10.891
0.53,0.52,13.835
0.98,0.76,86.457
0.83,0.96,82.281
0.92,0.78,75.204
0.33,0.83,14.179
0.15,0.47,4.0741
0.46,0.91,24.494
0.71,0.7,34.101
0.3,0.79,11.959
0,0.65,3.7151
0.88,0.88,81.479
0.63,0.13,8.6008
0.98,0.97,131.62
0.89,0.54,42.501
0.73,0.36,18.404
0.52,0.18,6.8171
0.61,0.13,8.2093
0,0.05,1.0446
0.43,0.86,20.306
0.72,0.36,17.84
0.78,0.71,42.92
0.32,0.64,9.3925
0.06,0.27,2.0105
0.97,0.17,25.736
0.06,0.63,4.2188
0.98,0.3,34.529
0.46,0.16,5.4668
0.06,0.36,2.3632
0.78,0.08,12.201
0.2,0.21,2.7562
0.93,0.91,100.53
0.05,0.01,1.1371
0.76,0.66,36.713
0.81,0.66,42.403
0.77,0.56,30.83
0.52,0.4,10.614
0.42,0.25,5.759
0.7,0.01,8.383
0.72,0.15,11.775
0.73,0.73,38.504
0.86,0.13,17.159
0.12,0.31,2.686
0.44,0.92,23.536
0.68,0.72,32.519
0.26,1,16.131
0.42,0.16,4.8443
0.25,0.45,5.1984
0.78,0.69,41.223
0.28,0.11,2.907
0.07,0.69,4.8603
0.47,0.83,21.623
0.99,0.64,70.018
0.28,0.44,5.6483
0.42,0.69,14.089
0.07,0.52,3.5999
0.22,0.43,4.5874
0.67,0.75,33.467
0.35,0.95,19.079
0.95,0.95,115.54
0.61,1,46.033
0.5,0.39,9.8667
0.97,0.7,74.364
0.03,0.97,7.5414
0.12,0.97,9.8926
0.46,0.07,4.5149
0.73,0.24,14.5
0.3,0.04,2.6042
0.22,0.6,6.3782
0.29,0.67,9.212
0,0.54,3.0835
0.43,0.63,12.774
0.21,0.27,3.2181
0.81,0,11.329
0.24,0.11,2.5513
0.66,0.64,26.101
0.91,0.62,53.059
0.13,0.89,8.7919
0.76,0.16,13.401
0.6,0.31,11.257
0.06,0.71,4.874
0.25,0.94,13.877
0.49,0.74,19.139
0.67,0.63,26.328
0.24,0.51,5.6931
0.81,0.88,66.08
0.67,0.25,12.326
0.32,0.07,2.9603
0.44,0.7,15.177
0.33,0.6,8.9115
0.31,0.08,2.9076
0.75,0.52,26.936
0.74,1,68.043
0.21,0.39,4.177
0.16,0.06,1.8331
0.59,0.94,38.476
0.63,0.63,23.358
0.18,0.94,11.278
0.96,0.89,105.64
0.11,0.61,4.7395
0.68,0.26,13.055
0.83,0.88,70.088
0.67,0.58,23.721
0.19,0.07,1.9514
0.43,0.58,11.64
0.85,0.44,30.905
0.78,0.86,58.014
0.82,0.32,22.215
0.82,0.48,30.649
0.91,0.64,55.291
0.04,0.19,1.6179
0.08,0.07,1.5003
0.21,0.59,6.0556
0.13,0.07,1.6003
0.01,0.5,2.7957
0.13,0.72,6.2221
0.32,0.69,10.389
0.98,0.14,25.047
0.63,0.79,32.076
0.66,0.5,19.708
0.29,0.25,3.9145
0.69,0.94,51.942
0.34,0.49,7.2968
0.37,0.32,5.6788
0.03,0.34,2.1604
0.23,0.28,3.5526
0.18,0.2,2.5134
0.17,0.29,3.0248
0.45,0.74,16.916
0.15,0.5,4.2818
0.88,0.3,25.635
0.88,0.64,50.356
0.7,0.73,35.168
0.83,0.45,29.693
0.09,0.86,7.2799
0.33,0.95,18.006
0.82,0.11,14.591
0.15,0.21,2.4761
0.23,0.1,2.466
0.69,0.78,37.746
0.24,0.18,2.9178
0.53,0.29,8.7334
0.98,0.19,27.603
0.99,0.66,72.939
0.16,0.17,2.3633
0.39,0.41,7.2293
0.47,0.2,6.1176
0.65,0.49,18.762
0.26,0.08,2.5594
0.29,0.07,2.6928
0.04,0.33,2.2254
0.53,1,36.23
0.59,0.48,15.447
0.26,0.34,4.2297
0.47,0.35,8.3065
0.01,0.34,2.032
0.46,0.8,19.665
0.92,0.86,88.169
0.86,0.07,15.287
0.55,0.48,13.506
0.63,0.38,14.254
0.48,0.03,4.4342
0.16,0.82,8.2882
0.53,0.02,5.1946
0.86,0.23,20.973
0.97,0.59,59.659
0.42,0.57,11.073
0.03,0.94,7.1675
0.75,0.19,13.833
0.14,0.17,2.1461
0.28,0,2.3899
0.71,0.31,15.658
0.67,0.83,39.353
0.54,0.83,26.53
0.17,0.75,7.3975
0.62,0.15,8.6354
0.33,0.68,10.408
0.1,0.97,9.3656
0.36,0.39,6.4297
0.63,0.25,10.827
0.28,0.53,6.6658
0.61,0,6.2646
0.76,0.42,22.691
0.59,0.04,6.2469
0.84,0.03,13.22
0.12,0.56,4.3902
0.19,0.76,8.1378
0.95,0.72,72.996
0.83,0.36,24.808
0.83,0.53,34.88
0.51,0.14,6.2052
0.82,0.59,38.146
0.88,0.35,28.167
0.9,0.2,22.215
0.28,0.17,3.3078
0.77,0.13,13.071
0.7,0.69,32.432
0.19,0.34,3.4855
0.73,0.7,36.211
0.35,0.45,7.0814
0.14,0.74,6.7628
0.79,0.7,43.401
0.31,0.12,3.2434
0.41,0.93,21.989
0.75,0.87,54.011
0.24,0.07,2.3293
0.55,0.41,11.778
0.08,0.29,2.2566
0.42,0.4,7.8587
0.85,0.97,89.039
0.03,0.26,1.8748
0.47,0.88,23.852
0.64,0.4,15.155
0.34,0.98,19.662
0.54,0.47,13.051
0.08,0.54,3.6892
0.42,0.03,3.7535
0.91,0.44,36.927
0.55,0.79,25.264
0.42,0.61,11.98
0.71,0.17,11.848
0.69,0.63,27.947
0.58,0.04,6.0207
0.63,0.01,6.7275
0.94,0.19,24.481
0.97,0.33,35.486
0.93,0.34,32.119
0.55,0.44,12.562
0.14,0.19,2.2511
0.05,0.86,6.4859
0.64,0.07,7.8547
0.52,0.32,9.006
0.68,0.19,11.366
0.26,0.96,14.907
0,0.09,1.2089
0.58,0.91,35.111
0.25,0.74,9.3606
0.49,0.14,5.8271
0.97,0.66,68.799
0.44,0.14,5.051
0.41,0.29,6.1999
0.84,0.34,24.597
0.57,0.36,11.44
0.16,0.1,1.9908
0.71,0.46,21.118
0.54,0,5.0704
0.47,0.87,23.29
0.66,0,7.1718
0.96,0.51,49.409
0.73,0.08,10.53
0.26,0.46,5.499
0.27,0.32,4.322
0.23,0.26,3.2985
0.68,0.93,49.332
0.39,0.27,5.5573
0.62,0.64,23.156
0.44,0.22,5.8104
0.16,0.24,2.5596
0.5,0.9,27.132
0.03,0.16,1.4509
0.49,0.47,11.196
0.49,0.09,5.2596
0.89,0.68,56.258
0.79,0.4,23.763
1,0.8,99.473
0.74,0.02,9.5698
0.13,1,10.883
0.66,0.25,11.852
0.83,0.56,36.91
0.45,0.36,7.859
0.87,0.41,30.862
0.54,0.7,20.508
0.34,0.81,13.936
0.28,0.19,3.4234
0.41,0.15,4.6897
0.04,0.6,3.6645
0.95,0.26,29.028
0.33,0.52,7.5521
0.89,0.75,64.726
0.36,0.45,7.2244
0.47,0.78,19.551
0.58,0.15,7.5894
0.73,0.18,12.788
0.73,0.87,50.906
0.95,0.07,19.856
0.84,0.69,49.34
0.45,0.13,5.1353
0.35,0.01,3.0354
0.87,0.28,23.803
0.61,0.49,16.514
0.39,0.14,4.3753
0.9,0.93,95.601
0.07,0.38,2.6285
0.33,0.62,9.2486
0.91,0.29,27.399
0.51,0.34,9.1297
0.79,0.03,11.33
0.34,0.94,18.203
0.64,0.43,16.054
0.83,0.87,68.726
0.25,0.73,9.0523
0.3,0.77,11.512
0.62,0.73,27.739
0.52,0.53,13.594
0.8,0.26,18.488
0.21,0.12,2.4738
0.47,0.02,4.2866
0.49,0.91,26.862
0.52,0.52,13.507
0.04,0.69,4.4862
0.93,0.63,57.335
0.22,0.29,3.509
0.23,0.54,5.8699
0.07,0.59,4.0526
0.75,0.32,18.054
0.86,0.22,20.49
0,0.44,2.4145
0.27,0.56,6.9545
0.69,0.29,14.079
0.11,0.81,7.025
0.06,0.24,1.9564
0.54,0.92,31.735
0.87,0.45,33.492
0.5,0.45,10.916
0.79,0.76,48.919
0.4,0.63,11.772
0.79,0.35,21.658
0.93,0.98,115.53
0.22,0.42,4.4522
0.53,0,4.9777
0.37,0.14,4.0706
0.23,0.51,5.5687
0.1,0.83,7.0092
0.98,0.64,68.025
0.46,0.75,17.817
0.91,0.72,64.759
0.07,0.84,6.6695
0.83,0.05,13.361
0.56,0.57,16.832
0.38,0.81,15.819
0.51,0.62,16.032
0.54,0.71,20.957
0.08,0.09,1.5781
0.72,0.22,13.457
0.51,0.28,8.0855
0.63,0.14,8.8505
0.12,0.68,5.5992
0.54,0.3,9.2531
0.37,0.24,4.8204
0.52,0.41,10.762
0.36,0.46,7.4798
0.88,0.98,99.552
0.68,0.59,25.039
0.48,0.49,11.183
0.67,0.06,8.4434
0.84,0.58,39.617
0.88,0.08,16.345
0.11,0.17,1.9924
0.2,0.51,5.13
0.62,0.67,24.517
0.64,0.9,41.279
0.98,0.08,22.261
0.64,0.69,27.121
0.44,0.09,4.4361
0.37,0.01,3.1187
0,0.02,0.98237
0.61,0.18,8.9164
0.72,0.44,20.874
0.59,0.32,11.145
0.45,0.15,5.1458
0.36,0.28,5.1801
0.55,0.98,37.051
0.57,0.8,27.373
0.36,0.31,5.4967
0.54,0.44,12.129
0.64,0.93,43.786
0.15,0.08,1.769
0.97,0.56,56.305
0.5,0.86,25.202
0.76,0.12,12.453
0.82,0.81,59.157
0.47,0.44,9.9559
0.41,0.28,5.9497
0.97,0.3,33.353
0.21,0.63,6.6793
0.14,0.14,2.0226
0.3,0.11,3.0131
0.45,0.34,7.6599
0.19,0.62,6.0625
0.54,0.1,6.1893
0.46,0.96,27.125
0.44,0.07,4.2239
0.25,0.77,9.8611
0.75,0.02,9.8084
0.17,0.54,4.9122
0.62,0.09,7.6548
0.8,0.72,46.514
0.45,0.18,5.5288
0.65,0.34,13.872
0.83,0.25,19.842
0.01,0.99,7.4367
0.47,0.91,25.276
0.32,0.17,3.7233
0.56,0.56,16.511
0.95,0.09,20.821
0.03,0.14,1.4632
0.34,0.17,3.8711
0.08,0.04,1.2939
0.2,0.68,7.0005
0.27,0.12,2.8454
0.24,0.73,8.8515
0.63,0.55,19.763
0,0.36,2.0254
0.92,0.81,79.808
0.81,0.37,23.853
0.07,0.78,5.8787
0.26,0.78,10.359
0.88,0.06,15.802
0.85,0.68,49.921
0.46,0.03,4.2304
0.88,0.57,43.775
0.52,0.04,5.1048
0.59,0.69,23.287
0.32,0.74,11.505
0.09,0.81,6.6593
0.19,0.37,3.7195
0.53,0.67,18.743
0.25,0.82,10.931
0.32,0.62,8.9501
1,0.73,86.56
0.86,0.69,52.332
0.94,0.63,59.112
0.83,0.34,23.903
0.9,0.54,43.828
0.12,0.4,3.1975
0.45,0.95,25.766
0.93,0.66,60.886
0.91,0.4,34.139
0.02,0.25,1.7346
0.81,0.91,70.01
0.59,0.98,41.704
0.31,0.33,5.0448
0.73,0.22,14.006
0.96,0,17.819
0.41,0.62,11.803
0.28,0.8,11.355
0.38,0.55,9.3349
0.63,0.09,7.9664
0.12,0.15,1.9197
0.68,0.79,37.37
0.89,0.04,15.669
0.69,0.34,15.59
0.44,0.68,14.617
0.83,0.93,77.428
0,0.49,2.6406
0.46,0.76,18.219
0.01,0.25,1.6937
0.78,0.74,45.638
0.42,0.34,6.915
0.89,0.91,89.101
0.49,0.12,5.617
0.53,0.15,6.5744
1,0.78,95.599
0.23,0.15,2.7458
0.18,0.92,10.891
0.29,0.2,3.6647
0.85,0.28,22.522
0.7,0.04,8.8286
0.07,0.26,2.1377
0.73,0.12,11.4
0.71,0.15,11.38
0.35,0.26,4.7194
0.17,0.2,2.5456
0.15,0.4,3.568
0.97,0.07,21.043
0,0.41,2.2482
0.38,0.36,6.4685
0.82,0.37,24.567
0.33,0.38,5.7151
0.23,0.07,2.3703
0.79,0.71,44.294
0.67,0.23,11.811
0.74,0.27,15.798
0.78,0.12,13.201
0.42,0.96,24.008
0.26,0.03,2.3661
0.77,0.38,21.551
0.43,0.35,7.2765
0.73,0.69,35.508
0.1,0.21,2.0688
0.43,0.03,3.8481
0.3,0.46,6.2262
0.77,0.7,40.831
0.88,0.07,16.114
0.03,0.93,6.9585
0.18,0.37,3.6745
0.53,0.6,16.415
0.31,0.43,5.9733
0.55,0.05,5.7369
0.25,0.7,8.5844
0.52,0.9,28.861
0.6,0.19,8.8395
0.55,0.46,13.007
0.98,0.67,72.363
0.78,0.78,49.418
0.7,0.14,10.782
0.53,0.93,31.495
0.59,0.56,17.937
0.13,0.42,3.4295
0.16,0.81,8.067
0.96,0.79,86.487
0.06,0.16,1.6384
0.25,0.15,2.7961
0.7,0.88,47.427
0.62,0.76,29.477
0.82,0.12,14.879
0.56,0.77,25.01
0.08,0.49,3.4673
0.9,0.97,103.56
0.29,0.65,8.8878
0.89,0.82,74.481
0.34,0.15,3.7895
0.02,0.09,1.2608
0.24,0.88,11.932
0.14,0.49,4.1084
0.21,0.67,7.1206
0.91,0.53,44.244
0.15,0.54,4.7063
0.79,0.54,31.52
0.93,0.41,37.008
0.12,0.55,4.2451
0.32,0.44,6.2778
0.54,0.96,34.491
0.7,0.44,19.578
0.87,0.16,18.731
0.24,0.01,2.0463
0.57,0.58,17.675
0.76,0.35,19.643
0.87,0.12,17.349
0.07,0.91,7.5726
0.34,0.16,3.7362
0.88,0.31,26.017
0.78,0.29,18.57
0.09,0.39,2.8337
0.54,0.69,20.111
0.64,0.5,18.563
0.6,0.33,11.501
0.89,0.97,100.53
0.66,0.14,9.58
0,0.75,4.4806
0.09,0.61,4.4255
0.39,0.76,14.798
0.58,0.76,25.974
0.64,0.17,9.513
0.77,0.27,17.274
0.93,0.92,102.47
0.58,0.88,32.999
0.05,0.4,2.5829
0.1,0.25,2.3024
0.84,0.63,43.763
0.19,0.41,3.9792
0.89,0.02,15.088
0.09,0.26,2.3085
0.27,0.49,6.0314
0.15,0.78,7.4366
0.49,0.46,11.007
0.77,0.6,33.386
0.07,0.2,1.8674
0.19,1,13.064
0.09,0.32,2.5316
0.19,0.65,6.475
0.55,0.8,25.759
0.66,0.07,8.3603
0.51,0.98,32.684
0.75,0.69,37.779
0.66,0.52,20.395
0.9,0.92,93.723
0.65,0.4,15.652
0.41,0.3,6.319
0.26,0.89,12.855
0.37,0.51,8.4176
0.02,0.42,2.3559
0.36,0.5,8.0648
0.74,0.28,16.156
0.75,0.68,36.947
0.61,0.47,15.864
0.73,0.88,51.911
0.78,0.92,65.397
0.99,0.85,106.69
0.56,0.82,27.66
0.25,0.91,13.144
0.4,0.15,4.509
0.39,0.33,6.2334
0.74,0.93,59.171
0.62,0.06,7.2664
0.66,0.59,23.458
0.16,0.94,10.611
0.6,0.34,11.893
0.33,0.33,5.2103
0.71,0,8.2968
0.63,0.92,41.577
0.62,0.39,14.096
0.23,0.42,4.6362
0.92,0.32,29.909
0.06,0.81,6.0004
0.97,0.49,48.922
0.91,0.01,15.582
0.29,0.78,11.332
1,0.47,51.449
0.9,0.49,39.536
0.96,0.78,84.742
0.39,0.36,6.5869
0.09,0.42,3.0806
0.1,0.69,5.3348
0.88,0.84,75.184
0.51,0.61,15.716
0.65,0.3,12.787
0.87,0.83,71.548
0.84,0.16,17.025
0.33,0.22,4.2295
0.99,0.8,96.539
0.63,0.11,8.2969
0.36,0,2.9563
0.53,0.07,5.6976
0.62,0.85,35.204
0.35,0.09,3.4202
0.37,0.92,19.098
0.48,0.71,17.424
0.12,0.98,10.257
0.97,0.55,55.084
0.85,0.65,46.937
0.97,0.74,80.684
0,0.52,2.9213
0.88,0.67,53.459
0.29,0.94,15.662
0.67,0.38,15.952
0.92,0.29,28.137
0.45,0.01,4.0189
0.47,0.06,4.581
0.99,0.02,20.238
0.2,0.27,3.1917
0.49,0.06,4.9731
0.82,0.47,29.949
0.55,0.82,26.817
0.22,0.35,3.8769
0.34,0.08,3.1913
0.87,0.84,72.915
0.17,0.19,2.4851
0.84,0.54,36.606
0.08,0.64,4.4735
0.41,0.34,6.7956
0.66,0.43,17.086
0.25,0.22,3.2978
0.64,0.66,25.566
0.65,0.69,27.933
0.43,0.95,24.193
0.78,0.8,51.463
0.97,0.24,29.585
0.18,0.53,4.9128
1,0.57,62.899
0.93,0.17,22.888
0.14,0.2,2.3165
0.23,0.84,10.678
0.77,0.28,17.674
0.42,0.53,10.177
0.7,0.6,26.991
0.19,0.18,2.6058
0.2,0.52,5.1174
0.24,0.56,6.3148
0.03,0.36,2.2239
0.48,0.01,4.2744
0.65,0.41,15.918
0.71,0.86,46.896
0.52,0.98,33.699
0.18,0.84,9.1866
0.09,0.14,1.7265
0.54,0.93,32.392
0.62,0.17,8.9388
0.79,0.99,77.369
0.46,0.32,7.5888
0.25,0.1,2.5399
0.72,0.18,12.525
0.47,0.79,19.817
0.6,0.13,7.7118
0.09,0.46,3.3706
0.92,0.68,61.54
0.99,0.52,55.19
0.73,0.42,20.792
0.48,0.25,6.8516
0.46,0.53,11.467
0.8,0.73,47.466
0.38,1,23.119
0.44,0.4,8.2834
0.49,0.19,6.3767
0.05,0.03,1.2184
0.01,0.23,1.5192
0.8,0.3,20.096
0,0.87,5.6095
1,0.39,43.88
0.86,0.98,93.619
0.48,0.98,30.091
0.47,0.62,14.155
0.8,0.51,30.552
0.48,0.67,16.143
0.81,0.89,67.451
0.83,0.15,16.176
0.22,0,1.9886
0.43,0.53,10.443
0.28,0.36,4.7899
0.16,0.32,3.0676
0.52,0.31,8.826
0.95,0.55,51.909
0.31,0.63,8.942
0.44,0.34,7.3847
0.38,0.32,5.8875
0.38,0.7,12.734
0.34,0.36,5.7792
0.76,0.31,18.152
0.23,0.97,13.843
0.35,0.35,5.7404
0.21,0.4,4.2458
0.46,0.7,16.134
0.1,0.34,2.7319
0.2,0.65,6.7137
0.51,0.83,24.379
0,0.37,2.0223
0.19,0.35,3.5926
0.87,0.57,42.423
0.21,0.21,2.8602
0.52,0.51,13.269
0.6,0.66,22.659
0.42,1,26.058
0.11,0.24,2.38
0.02,0.91,6.5422
0.64,0.54,20.141
0.86,0.93,84.836
0.1,0.54,4.0812
0.23,0.61,6.7828
0.9,0.55,44.646
0.65,0.2,10.467
0.63,0.77,30.863
0.02,0.86,5.9294
0.86,0.71,54.667
0.08,0.96,8.7194
0.36,0.96,20.023
0.89,0.56,44.358
0.16,0.25,2.657
0.08,0.68,4.9528
0.54,0.46,12.613
0.85,0.2,19.069
0.12,0.93,9.2914
0.16,0.13,2.1991
0.44,0.2,5.5538
0.45,0.79,18.647
0.35,0.73,12.298
0.29,0.31,4.5162
0.08,0.48,3.3243
0.83,0.38,25.697
0.98,0.56,57.984
0.36,0.09,3.4721
0.85,0.33,24.63
0.01,0.65,3.7817
0.42,0.07,4.067
0.91,0.19,22.477
0.34,0.64,10.123
0.91,0.83,80.69
0.1,0.17,1.7722
0.51,0.73,19.86
0.64,0.11,8.4754
0.27,0.11,2.7916
0.02,0.37,2.1579
0.05,0.45,2.9201
0.48,0.18,6.0904
0.13,0.57,4.7291
0.73,0.14,11.98
0.84,0.64,44.73
0.08,0.19,1.8967
0.22,0.06,2.1728
0.56,0.52,15.105
0.3,0.7,9.9626
0.22,0.26,3.2127
0.08,0.83,6.6202
0.79,0.86,59.795
0.17,0.48,4.2894
1,0.53,57.914
0.6,0.49,16.118
0.74,0.4,20.422
0.94,0.28,29.485
0.23,0,1.8756
0.4,0.89,19.744
0.88,0.59,45.611
0.96,0.48,46.56
0.87,0.06,15.397
0.8,0.31,20.48
0.94,0.12,21.315
0.15,0.45,3.8565
0.89,0.9,87.268
0.36,0.01,2.9497
0.08,0.01,1.2308
0.01,0.71,4.2303
0.97,0.67,70.078
0.56,0.64,19.207
0.97,0.41,41.66
0.34,0.26,4.7202
0.77,0.23,15.975
0.87,0.79,66.112
0.01,0.74,4.5644
0.4,0.34,6.5398
0.56,0.59,17.488
0.76,0.67,37.392
0.1,0.07,1.5011
0.99,0.76,89.126
0.79,0.46,26.858
0.52,0.96,32.48
0.16,0.72,6.8145
0.11,0.5,3.8254
0.09,0.87,7.5103
0.41,0.61,11.629
0.76,0.62,33.75
0.94,0.56,51.4
0.97,0.47,47.114
0.67,0.57,23.261
0.78,0.62,35.911
0.44,0.79,18.17
0.08,0.27,2.2325
0.1,0.06,1.5084
0.23,1,14.661
0.47,0.28,7.1446
0.54,0.95,33.695
0.74,0.15,12.429
0.77,0.15,13.576
0.61,0.82,32.288
0.51,0.68,18.018
0.34,0.32,5.2378
0.67,0.42,17.287
0.33,0.81,13.514
0.12,0.13,1.8435
0.27,0.87,12.851
0.06,0.94,7.8507
0.17,0.99,12.12
0.12,0.09,1.7466
0.3,0.55,7.2698
0.86,0.74,57.924
0.81,0.81,57.36
0.96,0.36,36.736
0.77,0.09,12
0.27,0.63,7.9865
0.24,0.85,11.326
0.39,0.53,9.2847
0.59,0.6,19.48
0.82,0.44,28.236
0.03,0.24,1.7049
0.57,0.47,14.15
0.15,0.26,2.5578
0,0.82,5.1969
0.76,0.17,13.712
0.73,0.58,28.467
0.85,0.54,37.672
0.83,0.4,26.889
0.68,0.27,13.245
0.73,0.68,34.806
0.13,0.15,2.024
0.81,0.52,32.16
0.68,0.8,38.052
0.36,0.12,3.7513
0.09,0.35,2.5609
0.72,0.39,18.987
0.43,0.77,16.983
0.93,0.62,56.221
0.81,0.74,49.795
0.04,0.05,1.2392
0.53,0.28,8.4937
0.34,0.77,12.962
0.03,0.75,4.7977
0.5,0.13,5.8149
0.12,0.79,7.0685
0.69,0.09,9.52
0.13,0.94,9.7539
0.06,0.05,1.402
0.52,0.25,7.9137
0.26,0.28,3.7471
0.8,0.85,60.332
0.46,0.67,15.218
0.09,0.65,4.6982
0.14,0.52,4.332
0.24,0.28,3.5408
0.12,0.73,6.1504
0.42,0.06,3.9907
0.97,0.99,132.96
0.37,0.49,7.9731
0.8,0.16,15.167
0.75,0.56,29.119
0.42,0.12,4.4029
0.16,0.56,4.9354
0.2,0.2,2.7206
0.06,0.82,6.235
0.6,0.41,13.578
0.46,0.24,6.3497
0.49,0.59,14.129
0.51,0.36,9.5764
0.03,0.7,4.3813
1,0.81,101.47
0.58,0.77,26.633
0.9,0.81,75.249
0.25,0.01,2.1567
0.09,0.36,2.6634
0.12,0.23,2.23
0.4,0.5,9.0184
0.23,0.05,2.1644
0.98,0.18,26.959
0.87,0.9,82.219
0.35,0.3,5.152
0,0.98,6.9964
1,0.37,42.145
0.56,0.96,36.522
0.33,0.03,2.7927
0.73,0.86,49.925
0.34,0.37,5.7816
0.99,0.4,43.268
0.01,0.68,4.1337
0.13,0.38,3.1428
0.77,0.65,36.965
0.86,0.48,34.407
0.39,0.11,4.0192
0.43,0.85,19.867
0.47,0.15,5.4653
0.47,0.03,4.3073
0.07,0.06,1.4264
0.94,0.78,79.818
0.87,0.69,54.105
0.85,0.25,21.064
0.32,0.98,18.628
0.68,0.67,29.374
0.76,0.56,30.01
0.74,0.65,33.733
0.48,0.15,5.7579
0.01,0.52,3.0063
0.5,0.97,31.162
0.96,0.25,29.48
0.04,0.28,1.8887
0,0.53,2.8166
0.12,0.24,2.3584
0.56,0.83,28.099
1,0.52,56.826
0.36,0.95,19.726
0.24,0.26,3.4914
0.34,0.83,14.519
0.08,0.73,5.5441
0.99,0.83,102.54
0.9,0.84,79.694
0.82,0.79,56.833
0.35,1,21.111
0.24,0.63,7.206
0.27,0.83,11.798
0.07,0.47,3.1332
0.83,0.51,33.529
0.59,0.72,24.682
0.05,0.79,5.6038
0.58,0.82,29.324
0.17,0.87,9.5384
0.86,0.05,14.569
0.88,0.11,17.471
0.58,0.06,6.4231
0.39,0.59,10.604
0.27,0.55,6.8127
0.7,0.15,10.989
0.31,0.93,16.276
0.52,0.64,17.197
0.53,0.75,21.961
0.37,0.41,6.8451
0.12,0.65,5.2022
0.47,0.57,12.84
0.73,0.37,18.726
0.43,0.01,3.6803
0.24,0.72,8.6243
0.14,0.07,1.6924
0.51,0.41,10.492
0.15,0.17,2.246
0,0.96,6.837
0.61,0.02,6.5914
0.15,0.89,9.2515
0.35,0.08,3.4394
0.5,0.72,18.905
0.54,0.74,22.187
0.46,0.69,15.843
0.36,0.62,10.19
0.3,0.37,5.1262
0.22,0.33,3.7909
0.64,0.26,11.479
0.98,0.8,93.776
0.67,0.96,50.909
0.24,0.42,4.7651
0.33,0.96,18.304
0.4,0,3.1946
0.69,0.61,26.773
0.13,0.44,3.6327
0.74,0.06,10.339
0.86,0.47,33.771
0.76,0.58,31.182
0.11,0.25,2.3479
0.67,0.72,31.457
0.15,0.99,11.298
0.36,0.61,10.062
0.12,1,10.641
0.53,0.27,8.4149
0.01,0.45,2.6198
0.49,0.78,20.752
0.48,0.99,30.588
0.06,0.11,1.5743
0.31,0.46,6.2549
0.93,0.01,16.602
0.44,0.06,4.2868
0.93,0.06,18.322
0.7,0.83,42.95
0.22,0.55,5.7797
0.48,0.72,17.745
0.75,0.81,48.066
1,0.97,139.8
0.45,0.22,5.9374
0.44,0.03,3.9874
0.44,0.23,5.8568
0.32,0.88,15.149
0.3,0.21,3.7475
0.76,0.98,69.307
0.85,0.82,66.114
0.62,0.46,16.105
1,0.65,73.674
0.04,0.22,1.8092
0.81,0.71,46.945
0.18,0.71,7.2476
0.9,0.41,33.847
0.6,0.45,14.832
0.36,0.14,3.9286
0.38,0.06,3.5165
0.23,0.68,7.7598
0.02,0.48,2.8476
0.51,0.69,18.258
0.37,0.98,21.481
0.09,0.55,4.0316
0.39,0.66,11.973
0.32,0.61,8.8382
0.91,0.65,56.296
0.97,0.98,130.28
0.73,0.77,41.629
0.32,0.81,13.062
0.68,0.56,23.584
0.45,0.6,12.779
0.57,0.53,15.976
0.22,0.18,2.7603
0.5,0.07,5.1849
0.25,0.39,4.5791
0.33,0.29,4.809
0.08,0.17,1.7556
0.56,0.78,25.471
0.08,0.63,4.4519
0.67,0.54,21.994
0.56,0.86,29.931
0.87,0.64,48.86
0.52,0.94,31.138
0.25,0.4,4.6033
0.91,0.57,47.963
0.67,0.13,9.5764
0.19,0.67,6.8229
0.98,0.28,33.183
0.45,0.55,11.623
0.74,0.47,23.551
0.86,0.24,21.206
0.46,0.1,4.8725
0.47,0.17,5.7832
0.49,0.56,13.4
0.44,0.97,25.99
0.72,0.23,13.683
0.75,0.74,41.71
0.15,0.75,7.0648
0.76,0.9,59.147
0.76,0.01,9.8937
0.35,0.47,7.3314
0.41,0.27,5.8654
0.49,0.53,12.579
0.54,0.17,7.1228
0.94,0.07,19.283
0.42,0.52,10.026
0.27,0.61,7.6107
0.08,0.42,2.8232
0.37,0.59,9.8735
0.23,0.01,2.0192
0.08,0.11,1.592
0.18,0.66,6.4775
0.87,0.18,19.399
0.91,0.31,28.556
0.33,0.2,3.9798
0.1,0.23,2.1912
0.29,0.38,5.0382
0.21,0.48,4.9891
0.33,0.71,11.164
0.3,0.62,8.4511
0.03,0.83,5.7746
0.12,0.46,3.6226
0.75,0.59,30.877
0.29,0.53,6.9196
0.87,0.81,68.791
0.94,0.35,33.777
0.61,0.92,39.249
0.98,0.48,49.361
0.12,0.32,2.7381
0.43,0.16,4.9663
0.05,0.61,3.8044
0.65,0.03,7.415
0.49,0.76,19.869
0.94,0.85,91.785
0.12,0.94,9.3382
0.92,0.19,23.032
0.17,0.77,7.7626
0.47,0.49,10.814
0.44,0.78,17.791
0.57,0.77,25.766
0.86,0.14,17.42
0.94,0.51,46.515
0.08,0.26,2.1592
0.44,0.39,8.1204
0.14,0.66,5.6234
0.03,0.57,3.4788
0.06,0.78,5.6613
0.16,0.77,7.5991
0.41,0.16,4.8332
0.58,0.45,14.059
0.53,0.82,25.336
0.56,0.85,29.361
0.74,0.22,14.342
0.66,0.28,12.709
0.73,0.11,11.149
0.25,0.33,4.1093
0.79,0.92,67.305
0.23,0.5,5.4193
0.15,0.85,8.724
0.8,0.34,21.724
0.32,0.2,3.7872
0.96,0.05,19.698
0.88,0.42,32.443
0.79,0.36,21.952
0.7,0.82,42.111
0.44,0.71,15.328
0.65,0.13,9.1508
0.24,0.58,6.504
0.25,0.9,12.739
0.77,0.17,14.169
0.03,0.45,2.6922
0.04,0.02,1.187
0.92,0.59,51.443
0.34,0.74,12.15
0.16,0.78,7.6727
0.56,0.43,12.8
0.45,0.72,16.252
0.8,0.97,76.732
0.9,0.31,27.654
0.17,0.92,10.417
0.02,0.07,1.2237
0.51,0.4,10.302
0.6,0.5,16.549
0.51,0.44,11.146
0.33,0.75,12.104
0.83,0.82,62.137
0.79,0.64,38.511
0,0.9,6.0454
0.23,0.93,12.848
0.78,0.39,22.644
0.22,0.61,6.5617
0.48,0.83,22.214
0.28,0.57,7.2454
1,0.54,59.13
0.95,0.65,63.471
0.3,0.16,3.3691
0.95,0.36,35.557
0.93,0.35,32.763
0.17,0.94,10.926
0.66,0.32,13.742
0.3,0.57,7.6619
0.04,0.64,4.0421
0.99,0.06,22.026
0.25,0.87,12.089
0.39,0.7,12.977
0.36,0.03,3.0751
0.45,0.51,10.69
0.25,0.53,6.0709
0.32,0.25,4.3686
0.09,0.48,3.3896
0.23,0.86,11.148
0.35,0.44,6.8982
0.5,0.12,5.7119
0.69,0.33,15.323
0.03,0.21,1.6461
0.14,0.4,3.3913
0.35,0.16,3.8513
0.4,0.54,9.7157
0.72,0.8,42.983
0.82,0.22,18.131
0.74,0.43,21.799
0.95,0.31,32.094
0.99,0.42,45.09
0.87,0.25,22.35
0.27,0.77,10.457
0.04,0.67,4.3256
0.32,0.86,14.547
0.07,0.49,3.2286
0,0.11,1.2083
0.84,0.12,15.927
0.11,0.34,2.7262
0.43,0.9,21.941
0.65,0.17,9.8942
0.05,0.98,8.3536
0.34,0.87,15.817
0.37,0.16,4.2046
0.38,0.43,7.4338
0.92,0.15,21.375
0.52,0.68,18.544
0.35,0.66,10.562
0.19,0.63,6.205
0.91,0.79,74.34
0.68,0.82,39.623
0.61,0.8,30.961
0.73,0.17,12.537
0.41,0.58,10.96
0.3,0.41,5.6152
0.45,0.17,5.249
0.34,0.29,5.0246
0.06,0.84,6.3767
0.53,0.55,14.693
0.26,0.23,3.3979
0.29,0.17,3.4078
0.92,0.76,72.196
0.63,0.5,17.932
0.37,0.95,20.347
0.52,0.19,6.9716
0.14,0.96,10.436
0.45,0.49,10.21
0.87,0.85,74.4
0.47,0.51,11.311
0.52,0.38,10.211
0.73,0.72,37.65
0.2,0.04,1.9807
0.43,0.6,11.97
0.62,0.58,20.482
0.84,0.82,64.07
0.24,0.06,2.2688
0.36,0.89,17.401
0.9,0.05,16.506
0.92,0.25,25.986
0.84,0.55,37.292
0.56,0.48,14.111
0.33,0.09,3.2201
0.06,0,1.2108
0.53,0.39,10.595
0.83,0.19,17.583
0.11,0.04,1.5437
0.33,0.02,2.7416
0.43,0.64,13.038
0.8,0.84,59.134
0.23,0.13,2.4904
0.39,0.44,7.7488
0.06,0.41,2.6937
0.95,0.91,106.77
0.85,0.08,14.99
0.12,0.87,8.1605
0.2,0.14,2.4
0.16,0.33,3.1308
0.99,1,144.02
0.11,0.02,1.355
0.62,0.68,25.086
0.03,0.48,2.8721
0.52,0.91,29.307
0.86,0.6,43.701
0.42,0,3.5349
0.19,0.19,2.5314
0.27,0.72,9.5659
0.73,0.65,32.787
0.66,0.19,10.654
0.06,0.45,2.9061
0.95,0.39,37.758
0.64,0.41,15.448
0.42,0.38,7.4668
0.21,0.8,9.2799
0.13,0.9,8.9175
0.6,0.75,27.102
0.95,0.68,67.294
0.4,0.04,3.6165
0.12,0.52,4.1066
0.56,0.91,33.193
0.91,0.2,22.869
0.4,0.92,20.949
0.99,0.96,132.91
0.56,0.41,12.262
0.07,0.92,7.8814
0.3,0.95,16.396
0.04,0.78,5.3406
0.27,0.52,6.3474
0.27,0.48,5.8426
0.79,0.44,25.812
0.58,0.26,9.6621
0.45,0.68,15.041
0.58,0.64,20.524
0.77,0.03,10.71
0.19,0.51,4.941
0.44,0.32,7.1835
0.83,0.18,17.362
0.79,0.05,11.896
0.24,0.89,12.222
0.69,0.65,29.102
0.47,0.85,22.397
0.64,0.3,12.449
0.13,0.52,4.1037
0.01,0.35,2.0977
0.02,0.1,1.3665
0.93,0.23,25.795
0.73,0.35,18.05
0.31,0.68,9.7928
0.82,0.27,20.105
0.99,0.2,29.052
0,0.95,6.6677
0.18,0.36,3.5431
0.31,0.97,17.632
0.81,0.72,47.911
0.4,0.74,14.612
0.68,0.39,16.806
0.34,0.23,4.3132
0.45,0.58,12.227
0.06,0.58,3.7909
0.18,0.63,6.1233
0.44,0.95,25.005
0.29,0.86,13.276
0.73,0.28,15.627
0.27,0.15,2.9701
0.28,0.22,3.5081
0.91,0.45,37.736
0.75,0.86,52.975
0.23,0.41,4.524
0.56,0.29,9.6356
0.75,0.14,12.622
0.22,0.76,8.8633
0.49,0,4.3204
0.51,0.08,5.4327
0.9,0.66,55.72
0.53,0.42,11.29
0.43,0.62,12.555
0.16,0.27,2.7944
0.44,0.82,19.211
0.06,0.21,1.833
0.92,0.33,30.629
0.86,0.97,91.801
0.4,0.19,4.8843
0.18,0.8,8.559
0.28,0.85,12.725
0.37,0.96,20.718
0.56,0.02,5.6584
0.8,0.38,23.583
0.42,0.68,13.681
0.26,0.2,3.2102
0.46,0.34,7.8028
0.1,0.82,6.9055
0.35,0.36,5.8777
0.02,0.06,1.2378
0.32,0.3,4.6684
0.52,0.99,34.403
0.53,0.81,24.729
0.89,0.23,22.895
0.75,0.82,48.828
0.12,0.01,1.4449
0.7,0.57,25.535
0.79,0.68,41.683
0.17,0.04,1.7485
0.28,0.08,2.7812
0.11,0.41,3.1968
0.39,0.93,20.731
0.58,0.52,16.154
0.92,0.92,99.523
0.37,0.46,7.5658
0.66,0.11,9.0331
0.58,0.24,9.13
0.38,0.01,3.2495
0.09,0.17,1.8726
0.58,0.35,11.475
0.29,0.12,2.9462
0.33,0.87,15.237
0.1,0.48,3.4161
0.23,0.06,2.2476
0.56,0.2,7.9823
0.95,0.33,33.421
0.83,0.65,44.313
0.26,0.35,4.3571
0.63,0.74,29.107
0.16,0.9,9.8103
0.02,0.84,5.6736
0.89,0.85,79.071
0.58,0.85,31.211
0.17,0.15,2.1713
0.5,0.53,12.975
0.89,1,106.69
0.33,0.46,6.7208
0.27,0.79,10.892
0.73,0.85,48.901
0.25,0.17,2.9435
0.81,0.95,75.944
0.37,0.1,3.7097
0.71,0.07,9.6924
0.11,0.37,2.9235
0.15,0.57,4.9155
0.89,0.79,70.169
0.56,0.27,9.1777
0.03,0.39,2.4345
0.82,0.43,27.631
0.41,0.51,9.5552
0.44,0.54,11.089
0.26,0.53,6.3195
0.09,0.91,7.9749
0.46,0.88,23.085
0.87,0.36,28.021
0.16,0.88,9.4761
0.19,0.7,7.1149
0.87,0.38,29.011
0.2,0.03,1.9409
0.62,0.18,9.1674
0.12,0.74,6.2792
0.72,0.96,59.222
0.82,0.5,31.693
0.33,0.53,7.7184
0.17,0.41,3.7881
0.38,0.99,22.67
0.01,0.41,2.4015
0.97,0.38,39.28
0.16,0.96,11.035
0.66,0.82,37.367
0.18,0.74,7.5356
0.75,0.61,32.141
0.77,0.33,19.364
0.44,0.56,11.381
0.4,0.98,23.664
0.92,0.27,27.043
0.58,0.37,11.917
0.21,0.3,3.4329
0.47,0.21,6.3245
0.38,0,3.2043
0.75,0.08,11.153
0.11,1,10.22
0.42,0.79,17.134
0.08,0.32,2.4316
0.99,0.36,40.029
0.14,0.84,8.1646
0.91,0.58,48.858
0.6,0.93,38.845
0,0.74,4.4936
0.91,0.52,43.392
0.89,0.22,22.439
0.18,0.23,2.6591
0.42,0.86,19.549
0.91,0.41,34.81
0.39,0.85,17.537
0.8,0.35,22.15
0,0.27,1.6223
0.94,0.09,20.12
0.39,0.22,4.9221
0.58,0.49,15.122
0.83,0.8,59.74
0.1,0.2,2.0796
0.48,0.3,7.7161
0.23,0.76,9.0852
0.62,0.84,34.485
0.59,0.3,10.638
0.47,0.07,4.7015
0.54,0.75,22.691
0.39,0.07,3.6539
0.05,0.72,4.9607
0.07,0.13,1.6283
0.4,0.93,21.248
0.14,0.41,3.4095
0.22,0.78,9.2178
0.21,0.49,5.0004
0.82,0.53,33.796
0.56,0.18,7.6684
0.87,0.04,14.737
0.86,0.33,25.487
0.66,0.27,12.422
0.73,0.01,9.1214
0.8,0.58,35.206
0.1,0.28,2.4097
0.61,0.54,18.331
0.88,0.5,38.108
0.6,0.76,27.606
0.87,0.68,53.057
0.98,0.13,24.536
0.93,0.89,96.591
0.63,0.69,26.198
0.68,0.81,38.778
0.86,0.55,39.609
0.65,0.86,39.226
0.12,0.64,5.1815
0.4,0.65,12.189
0.69,0.52,22.422
0.24,0.09,2.4684
0.65,0.91,43.332
0.75,0.39,20.771
0.94,0.68,65.349
0.52,0.55,14.228
0.84,1,91.909
0.64,0.64,24.466
0.58,0.25,9.3503
0.07,0.99,8.9479
0.4,0.27,5.7265
0.66,0.49,19.414
0.59,0.11,7.4106
0.01,0.22,1.5634
0.81,0.69,45.243
0.2,0.6,6.1139
0.13,0.92,9.3168
0.5,0.7,18.156
0.81,0.22,17.64
0.39,0.61,10.958
0.29,0.88,13.922
0.57,0.31,10.353
0.8,0.64,39.636
0.75,0.57,29.737
0.15,0.39,3.398
0.52,0.06,5.4653
0.71,0.53,24.273
0.02,0.5,2.9423
0.98,0.11,23.505
0.28,0.41,5.2487
0.46,0.94,26.084
0.65,0.7,28.542
0.31,0.18,3.579
0.72,0.01,8.8447
0.15,0.96,10.624
0.7,0.99,59.204
0.63,0.44,15.852
0.39,0.17,4.5776
0.98,0.44,45.577
0.07,0.21,1.9363
0.13,0.7,5.9344
0.66,0.18,10.385
0.26,0.51,6.0464
0.94,0.23,26.548
0.82,0.21,17.884
0.75,0.67,36.245
0.24,0.44,4.9628
0.68,0.98,54.691
0.83,0.41,27.414
0.45,0.26,6.4883
0.61,0.53,18.021
0.94,0.98,119.06
0.25,0.02,2.1752
0.48,0.54,12.474
0.79,0.08,12.495
0.15,0.41,3.6063
0.83,0.77,56.222
0.95,0.08,20.296
0.23,0.48,5.2284
0.22,0.99,14.082
0.72,0.46,21.805
0.02,0.4,2.4217
0.87,0.95,90.95
0.13,0.6,4.8732
0.65,0.96,47.828
0.7,0.65,29.908
0.17,0.47,4.2652
0.72,0.79,42.092
0.22,0.4,4.3686
0.51,0.54,13.596
0.55,0.24,8.4163
0.2,0.26,3.0663
0.99,0.22,30.354
0.47,0.93,26.355
0.33,0.94,17.606
0.31,0.76,11.653
0.96,0.5,48.369
0.24,0.12,2.622
0.7,0.39,17.794
0.88,0.37,29.348
0.38,0.61,10.585
0.21,0.42,4.4073
0.77,0.69,40.04
0.31,0.84,13.539
0.86,0.61,44.729
0.66,0.72,30.554
0.61,0.56,19.023
0.25,0.85,11.516
0.39,0.24,5.223
0.09,0.74,5.7988
0.44,0.08,4.3709
0.97,0.4,40.824
0.22,0.8,9.5544
0.58,0.2,8.5223
0.62,0.19,9.4218
0.49,0.49,11.603
0.98,0.63,66.741
0.75,0.71,39.235
0.92,0.39,34.363
0.32,0.99,18.896
0.68,0.16,10.607
0.94,0,16.768
0.47,0.47,10.456
0.57,0.5,14.99
0.8,0.24,17.846
0.87,0.88,79.028
0.99,0.46,48.913
0.37,0.07,3.5298
0.72,0.77,40.439
0.63,0.17,9.3368
0.86,0.06,14.917
0.34,0.54,8.2006
0.52,0.39,10.429
0.55,0.01,5.3177
0.77,0.06,11.371
0.03,0.18,1.6223
0.16,0.39,3.4664
0.98,0.68,73.675
0.15,0.61,5.3494
0.71,0.73,36.306
0.97,0.84,98.651
0.04,1,8.3333
0.18,0.76,7.7974
0.17,0.59,5.3871
0.83,0.01,12.326
0.97,0.12,23.337
0.74,0.36,18.856
0.37,0.72,12.734
0.17,0.27,2.8754
0.38,0.96,21.282
0.02,0.61,3.5857
0.05,0.3,2.0461
0.95,0.23,27.416
0.11,0.26,2.3298
0.54,0.15,6.9008
0.8,0.57,34.452
0.82,0.91,72.331
0.37,0.42,6.9829
0.93,0.31,30.299
0.92,0.4,35.21
0.92,0.01,16.126
0.71,0.98,59.717
0.88,0.53,40.417
0.06,0.59,3.9398
0.31,0.72,10.609
0.47,1,30.361
0.02,0.59,3.3947
0.96,0.68,69.493
0.26,0.19,3.2415
0.48,0.58,13.5
0.79,0.02,11.171
0.42,0.47,8.9574
0.44,0.85,20.519
0.04,0.5,3.1389
0.45,0.93,24.927
0.88,0.15,18.915
0.86,0.03,14.027
0.1,0.42,3.1698
0.29,0.71,9.8384
0.98,0.36,38.784
0.46,0.52,11.214
0.73,0.59,28.99
0.07,0.8,6.1881
0.3,0.05,2.7453
0.99,0.91,120.23
0.73,0.09,10.67
0.83,0.63,42.628
0.53,0.79,23.846
0.71,0.81,42.626
0.8,0.96,75.138
0.65,0.27,12.047
0.5,0.22,6.9434
1,0.96,137.01
0.88,0.7,56.841
0.36,0.02,2.9879
0.19,0.84,9.463
0.53,0.71,20.283
0.31,0.71,10.405
0.29,0.69,9.3938
0.84,0.23,19.608
0.2,0.42,4.2187
0.75,0.21,14.43
0.88,0.27,23.967
0.36,0.1,3.6209
0.75,0.91,58.587
0.59,0.4,13.135
0.21,0.64,6.7705
0.56,0,5.3181
0.71,0.79,40.824
0.48,0.07,4.8171
0.33,0.89,15.957
0.36,0.18,4.2337
0.65,0.32,13.326
0.95,0.8,85.743
0.52,0.88,27.669
0.27,0.38,4.7678
0.54,0.94,33.069
0.01,0.13,1.3585
0.91,0.88,89.212
0.18,0.19,2.4939
0.46,0.47,10.16
0.84,0.09,14.926
0.9,0.36,30.569
0.37,0.99,21.914
0.45,0.09,4.5032
0.11,0.62,4.7843
0.52,0.61,16.184
0.57,0.41,12.602
0.55,0.13,6.7764
0.04,0.63,3.9599
0.72,0.61,29.417
0.43,0.57,11.284
0.1,0.35,2.7477
0.25,0.28,3.6795
0.04,0.34,2.2534
0.41,0.19,5.097
0.94,0.38,35.882
0.75,0.63,33.436
0.69,0.4,17.651
0.57,0.96,37.795
0.67,0.59,24.296
0.97,0.52,51.913
0.82,0.24,18.926
0.77,0.91,62.216
0.9,0.11,18.508
0.39,0.92,20.239
0.58,0.74,25.036
0.07,0.51,3.5348
0.25,0.13,2.7092
0.67,0,7.5144
0.72,0.84,46.518
0.42,0.97,24.546
0.58,0.86,31.813
0.54,0.51,14.088
0.99,0.99,141.21
0.76,0.5,26.616
0.38,0.28,5.3597
0.57,0.07,6.2344
0.8,0.79,53.519
0.33,0.5,7.2639
0.2,0.3,3.2754
0.5,0.11,5.6422
0.7,0.91,50.434
0.24,0.3,3.7346
0.16,0.26,2.6807
0.24,0.98,14.552
0.54,0.01,5.1656
0.96,0.26,30.04
0.03,0.89,6.4449
0.07,0.03,1.3244
0.78,0.54,30.664
0.87,0.24,22.008
0.31,0.8,12.575
0.6,0.54,17.815
0.75,0.88,55.044
0.5,0.38,9.6158
0.45,0.57,12.029
0.69,0.8,39.273
0.43,0.79,17.681
0.4,0.95,22.253
0.02,0.29,1.9035
0.88,0.13,18.169
0.21,0.89,11.11
0.31,0.99,18.408
0.47,0.6,13.662
0.14,0.34,2.9601
0.92,0.05,17.48
0.83,0.32,22.916
0.31,0.22,3.8811
0.48,0.1,5.0701
0.31,0.69,10.105
0.25,0.95,14.217
0.38,0.11,3.9081
0.09,0.5,3.5968
0.24,0.82,10.525
0.23,0.16,2.7054
0.84,0.93,79.819
0.78,0.96,70.766
0.16,0.73,6.9095
0.22,0.75,8.6924
0.8,0.06,12.339
0.12,0.78,6.802
0.33,0.23,4.2933
0.37,0.45,7.4645
0.67,0.39,16.269
0.25,0.88,12.325
0.17,0.78,7.8755
0.71,0.2,12.5
0.82,0.58,37.316
0.19,0.82,9.1003
0.11,0.1,1.8401
0.61,0.25,10.309
0.34,0.06,3.1306
0.41,0.67,13.109
0.72,0.3,15.948
0.55,0.42,12.052
0.48,0.91,26.081
0.75,0.75,42.525
0.36,0.48,7.7477
0.6,0.79,29.371
0.39,0.4,7.2294
0.7,0.58,26.11
0.86,0.45,32.408
0.48,0.16,5.901
0.67,0.61,25.183
0.69,0.18,11.366
0.67,0.4,16.733
0.9,0.9,90.005
0.65,0.98,49.932
0.32,0.95,17.433
0.05,0.83,6.1404
0.54,0.59,16.522
0.67,0.98,52.919
0.35,0.1,3.3888
0.71,0.02,8.746
0.12,0.05,1.511
0.48,0.86,23.456
0.25,0.98,15.071
0.29,0.96,16.219
0.83,0.16,16.648
0.91,0.04,16.629
0.6,0.59,19.692
0.05,0.73,5.0635
0.3,0.12,3.1351
0.97,0.01,18.699
0.89,0.64,51.889
0.72,0.67,33.22
0.44,0.73,16.175
0.43,0.49,9.6379
0.48,0.34,8.3765
0.89,0.66,54.033
0.66,0.62,24.985
0.83,0.43,28.491
0.18,0.09,2.1039
0.49,0.75,19.488
0.19,0.4,3.875
0.1,0.39,3.0443
0.2,0,1.9022
0.84,0.98,88.155
0.88,0.9,84.78
0.45,0.42,8.9501
0.46,0.74,17.494
0.05,0.71,4.9198
0.32,0.39,5.682
0.5,0.44,10.761
0.58,0.93,36.559
0.79,0.26,17.992
0.8,0.03,11.697
0.88,0.66,52.505
0.71,0.03,9.0517
0.73,0.98,63.398
0.49,0.81,21.988
0.77,0.97,70.144
0.59,0.79,28.387
0.5,0.99,32.45
0.64,0.08,8.0307
0.16,0.35,3.2782
0.13,0.55,4.487
0.7,0.7,33.1
0.5,0.77,20.937
0.15,0.98,11.142
0.12,0.04,1.4701
0.07,0.87,7.0578
0.94,0.84,89.979
0.92,0.74,69.308
0.24,0.48,5.3812
0.54,0.07,5.8345
0.4,0.62,11.502
0.63,0.51,18.341
0.16,0.54,4.8213
0.32,0.83,13.7
0.09,0,1.3282
0.42,0.92,22.117
0.85,0.73,55.096
0.6,0,6.1154
0.65,0.55,21.123
0.07,0.31,2.2067
0.3,0.69,9.7367
0.17,0.3,3.0054
0.19,0.38,3.7911
0.21,0.79,9.241
0.11,0.82,7.2332
0.65,0.06,7.995
0.26,0.49,5.7218
0.03,0.38,2.3916
0.88,0.41,31.767
0.94,0.46,42.105
0.86,0.04,14.335
0.22,0.37,4.1064
0.98,0.1,23.134
0.14,0.44,3.6089
0.94,0.58,53.571
0.83,0.68,46.937
0.69,0.46,19.826
0.33,0.13,3.5245
0.08,0.6,4.2439
0.92,0.95,105.67
0.57,0.18,7.8939
0.28,0.73,9.7874
0.17,0.55,5.0289
0.61,0.32,11.871
0.64,0.39,14.866
0.54,0.73,21.735
0.78,0.87,59.163
0.73,0.6,29.65
0.9,0.43,35.155
0.79,0.14,14.136
0.33,0.31,4.9882
0.58,0.57,17.791
0.15,0.05,1.7328
0.14,0.24,2.3975
0.89,0.27,24.719
0.93,0.53,46.894
0.79,0.22,16.529
0.71,0.24,13.615
0.45,0.48,9.9718
0.81,0.48,29.684
0.9,0.35,29.997
0.69,0.85,43.335
0.56,0.62,18.567
0.69,0.69,31.483
0.67,0.56,22.914
0.45,0.94,25.282
0.82,0.33,22.626
0.39,0.9,19.592
0.33,0.07,3.0453
0.96,0.64,64.005
0.41,0.71,14.211
0.33,0.18,3.7574
0.8,0.21,16.741
0.87,0.53,39.344
0.55,0.6,17.347
0.29,0.05,2.5616
0.36,0.2,4.4087
0.27,0,2.1731
0.64,0.91,42.007
0.86,0.9,79.848
0.89,0.96,98.457
0.27,0.78,10.713
0.2,0.55,5.4955
0.74,0.54,27.113
0.38,0.56,9.6345
0.65,0.04,7.598
0.32,0.41,5.9857
0.37,0.61,10.301
0.59,0.34,11.551
0.82,0.4,26.093
0.65,0.11,8.7873
0.47,0.73,17.655
0.19,0.2,2.7193
0.43,0.32,6.8499
0.19,0.61,6.0089
0.29,0.57,7.4827
0.48,0.21,6.5184
0.64,0.68,26.619
0.65,0.99,50.999
0.96,0.13,23.129
0.38,0.66,11.698
0.17,0.84,8.9687
0.37,0.04,3.3343
0.81,0.5,30.881
0.2,0.64,6.5447
0.41,0.23,5.458
0.17,0.14,2.2581
0.67,0.9,45.19
0.74,0.48,24.082
0.71,0.3,15.371
0.25,0.24,3.4719
0.75,0.41,21.594
0.04,0.47,2.8765
0.32,0.76,12.01
0.85,0.16,17.691
0.7,0.64,29.342
0.59,0.08,6.8935
0.67,0.52,21.122
0.74,0.75,41.284
0.37,0.58,9.6503
0.61,0.88,36.27
0.72,0.73,37.432
0.53,0.05,5.464
0.89,0,14.483
0.38,0.16,4.3794
0.46,0.95,26.489
0.39,0.69,12.844
0.84,0.02,13.007
0.61,0.77,29.004
0.01,0.04,1.1888
0.47,0.76,18.771
0.93,0.24,26.377
0.83,0.21,18.448
0.44,0.67,14.321
0.22,0.5,5.3276
0.35,0.27,4.8561
0.72,0.17,12.164
0.48,0.39,9.1648
0.98,0.94,123.92
0.92,0.63,55.658
0.83,0.89,71.502
0.97,0.51,50.838
0.67,0.31,13.942
0.16,0.6,5.3669
0.66,0.96,49.444
0.5,0.47,11.463
0.37,0.18,4.2801
0.15,0.67,5.9705
0.68,0.42,17.806
0.34,0.68,10.805
0.64,0.14,8.9893
0.76,0.94,64.067
0.57,0.71,22.832
0.87,0.15,18.396
0.21,0.82,9.5941
0.18,0.18,2.4775
0.16,0.61,5.4628
0.94,0.3,30.512
0.18,0.5,4.7495
0.34,0.07,3.1769
0.75,0.27,16.281
0.69,0.15,10.643
0.21,0.51,5.1637
0.03,0.98,7.7584
0.62,0.31,12.014
0.07,0.93,7.998
0.73,0.74,39.285
0.86,0.83,69.444
0.05,0.7,4.7138
0.02,0.33,2.101
0.65,0.74,30.844
0.78,0.26,17.477
0.67,0.2,11.172
0.14,0.79,7.3686
0.01,0.94,6.8035
0.2,0.46,4.5506
0.1,0.15,1.8
0.45,0.02,3.9716
0.41,0.99,24.749
0.63,0.84,35.548
0.7,0.51,22.666
0.27,0.27,3.7914
0.7,0.97,56.845
0.53,0.97,34.067
0.82,0.07,13.581
0.02,0.85,5.872
0.2,0.62,6.3738
0.44,0.02,3.958
0.92,0.72,66.634
0.6,0.08,7.2321
0.3,0.42,5.7838
0.55,0.71,21.463
0.39,0.65,11.869
0.95,0.11,21.452
0.04,0.42,2.6157
0.69,0.16,10.9
0.03,0.32,2.0141
0.6,0.04,6.4422
0.46,0.49,10.536
0.55,0.29,9.1725
0.08,0.67,4.8448
0.37,0.6,10.114
0.44,0.86,20.959
0.04,0.04,1.2461
0.57,0.02,5.7149
0.16,0.14,2.1241
0.27,0.75,10.096
0.42,0.56,10.862
0.27,0.34,4.4586
0.9,0.12,18.86
0.93,0.09,19.537
0.76,0.08,11.508
0.19,0.28,3.0709
0.63,0,6.6416
0.42,0.8,17.534
0.16,0.8,8.0361
0.82,0.08,13.659
0.24,0.65,7.5919
0.19,0.05,2.1204
0.87,0.71,56.23
0.94,0.18,24.045
0.91,0.16,21.044
0.49,0.63,15.289
0.98,0.62,65.315
0.74,0.25,15.182
0.17,0.85,9.1135
0.34,0.88,16.115
0.61,0.15,8.4385
1,0.23,31.815
0.42,0.7,14.294
0.88,0.17,19.684
0.9,0.37,31.191
0.16,0.02,1.684
0.54,0.21,7.7078
0.06,0.37,2.4888
0.38,0.77,14.648
0.97,0.1,22.314
0.23,0.89,11.859
0.9,0.57,46.536
0.91,0.23,24.223
0.9,0.63,52.452
0.38,0.8,15.552
0.82,0.26,19.674
0.88,0.74,61.481
0.93,0.54,47.985
0.85,0.72,53.994
0.86,0.87,75.155
0.49,0.44,10.376
0.83,0.85,66.023
0.98,0.17,26.573
0.77,0.81,50.933
0.54,0.89,29.966
0.69,0.06,8.9916
0.63,0.76,30.255
0.5,0.61,15.184
0.53,0.65,17.986
0.56,0.93,34.444
0.01,0.9,6.1934
0.99,0.13,25.346
0.34,0.79,13.409
0.11,0.12,1.8468
0.83,0.14,15.933
0.41,0.37,7.0257
0.27,0.51,6.3031
0.32,0.37,5.4813
0.06,0.56,3.7085
0.11,0.51,3.8103
0.1,0.14,1.7934
0.85,0.63,45.24
0.67,0.15,10.048
0.95,0.92,108.87
0.47,0.59,13.306
0.88,0.55,42.097
0.81,0.41,25.852
0.79,0.96,73.067
0.54,0.85,27.672
0.43,0.44,8.756
0.29,0.59,7.726
0.1,0.89,7.9547
0.39,0.47,8.2065
0.79,0.56,32.734
0.97,0.83,96.6
0.57,0.23,8.828
0.17,0.06,1.8943
0.21,0.04,1.9844
0.4,0.43,7.9114
0.66,0.46,18.171
0.03,0.37,2.3633
0.6,0.69,24.075
0.05,0.35,2.3484
0.89,0.98,102.43
0.92,0.67,60.305
0.2,0.53,5.2684
0.73,0.76,40.864
0.65,0.63,24.765
0.58,0.17,7.893
0.33,0.65,9.8424
0.75,0.8,46.989
0.01,0.95,6.9202
0.96,0.32,33.744
0.65,0.39,15.29
0.04,0.58,3.5512
0.3,0.06,2.6969
0.07,0.34,2.3866
0.86,0.75,59.104
0.74,0.88,53.382
0.96,0.49,47.457
0.8,0.46,27.63
0.48,0.06,4.7867
0.15,0.03,1.657
0.89,0.93,92.737
0.44,0.46,9.3421
0.64,0.85,37.439
0.02,0.2,1.6099
0.97,0.27,31.529
0.02,0.28,1.8302
0.95,0.93,111.09
0.19,0.94,11.516
0.48,0.75,19.005
0.62,0.13,8.3218
0,0.47,2.5487
0.93,0.7,66.078
0.34,0.11,3.4409
0.91,0.7,62.225
0.24,0.71,8.5527
0.03,0.11,1.37
0.98,0.88,109.91
0.83,0.57,37.67
0.77,0.45,24.84
0.68,0.18,11.138
0.87,0,13.568
0.95,0.34,34.117
0.33,0.86,15.059
0.99,0.37,40.755
0.01,0.79,4.947
0.67,0.24,12.032
0.78,0.58,33.09
0.55,0.26,8.8435
0.26,0.62,7.5832
0.75,0.54,27.942
0.46,0.26,6.6866
0.53,0.66,18.354
0.33,0.93,17.359
0.55,0.86,29.052
0.88,0.02,14.575
0.82,0.8,57.992
0.51,0.35,9.2054
1,0.76,91.856
0.57,0.55,16.609
0.04,0.74,4.989
0.36,0.93,18.862
0.41,0.65,12.519
0.12,0.84,7.6523
0.39,0.15,4.3776
0.18,0.75,7.63
0.71,0.61,28.566
0,0.3,1.9156
0.58,0.08,6.6416
0.73,0.06,10.116
0.69,0.47,20.25
0.65,0.62,24.153
0.69,0.77,36.932
0.07,0.19,1.8647
0.59,0.62,20.269
0.44,0.99,27.105
0.35,0.12,3.7097
0.63,0.36,13.636
0.41,0.73,14.78
0.14,0.99,11.021
0.19,0.55,5.2418
0.74,0.21,13.943
0.55,0.52,14.706
0.96,0.34,35.103
0.3,0.64,8.8694
0.41,0.47,8.7641
0.26,0.24,3.6361
0.72,0.43,20.49
0.69,0.81,40.045
0.81,0.38,24.307
0.21,0.5,5.1331
0.67,0.44,18.002
0.43,0.04,3.952
0.19,0.6,5.9308
0.93,0.58,51.94
0.17,0.86,9.2429
0.73,0.81,45.195
0.35,0.64,10.324
0.84,0.67,47.516
0.88,0.44,33.883
0.59,0.99,42.523
0.05,0.19,1.6614
0.93,0.73,70.066
0.72,0.38,18.475
0.18,0.05,1.8343
0.13,0.54,4.311
0.6,0.72,25.377
0.33,0.06,3.0559
0.26,0.44,5.3309
0.41,0.35,6.9088
0.02,0.57,3.2631
0.43,0.67,13.877
0.88,0.29,25.032
0.31,0.41,5.6735
0.93,0.43,38.435
0.9,0.56,45.513
0.98,0.25,31.118
0.97,0.89,108.77
0.78,0.37,21.724
0.15,0.7,6.3538
0.19,0.27,3.0173
0.18,0.12,2.119
0.82,0.39,25.457
0.34,0.12,3.5294
0.05,0.78,5.5541
0.87,0.14,18.04
0.64,0.77,31.751
0.03,0.22,1.6786
0.48,0.61,14.334
0.98,0.57,59.12
0.28,0.32,4.3872
0.78,0.84,55.622
0.24,0.41,4.6154
0.67,0.64,26.782
0.62,0.97,44.684
0.08,0.3,2.2968
0.92,0.93,101.52
0.33,0.47,6.8797
0.76,0.79,47.443
0.23,0.24,3.3334
0.85,0.71,53.006
0.85,0.41,29.123
0.07,0.83,6.4891
0.68,0.03,8.1708
0.52,0.15,6.3873
0.15,0.37,3.2484
0.89,0.88,83.932
0.05,1,8.5711
0.21,0.06,2.2069
0.02,1,7.8878
0.59,0.31,10.837
0.04,0.75,5.0416
0.19,0.74,7.7572
0.09,0.16,1.7542
0.41,0.97,23.731
0.21,0.97,13.125
0.81,0.42,26.331
0.34,0.21,4.2424
0,0.72,4.0852
0.74,0.42,21.256
0.73,0.91,55.215
0.71,0.48,21.911
0.67,0.97,51.939
0.01,0.21,1.7159
0.26,0.71,8.9714
0.12,0.02,1.4159
0.15,0.53,4.5127
0.77,0.07,11.59
0.9,0.6,49.397
0.17,0.66,6.2751
0.03,0.69,4.2624
0.31,0.95,16.925
0.88,0.95,93.795
0.83,0.7,48.885
0.58,0.02,5.8839
0.48,0.44,10.225
0.81,0.18,16.263
0.31,0.19,3.7466
0.18,0.34,3.4543
0.29,0.02,2.4004
0.14,0.93,9.7776
0.04,0.77,5.2023
0.87,0.07,15.662
0.63,0.48,17.232
0.43,0.98,25.778
0.38,0.63,11.029
0.83,0.11,15.116
0.28,0.99,16.703
0.45,0.16,5.258
0.13,0.45,3.588
0.15,0.93,10.035
0.23,0.99,14.328
0.46,0.37,8.3768
0.89,0.72,60.89
0.91,0.63,54.036
0.73,0.66,33.419
0.36,0.34,5.7507
0.06,0.73,5.2447
0.72,0.25,14.269
0.13,0.73,6.4019
0.15,0.9,9.4815
0.4,0.28,5.7828
0,0.66,3.7327
0.18,0.89,10.236
0.62,0.48,16.807
0.23,0.78,9.4167
0.03,0.63,3.8629
0.74,0.24,14.885
0.46,0.35,7.9588
0.37,0.57,9.5352
0.13,0.67,5.6692
0.55,0.07,5.895
0.24,0.33,4.1085
0.26,0.31,4.1115
0.59,0.26,9.9213
0.3,0.4,5.505
0.96,0.1,21.786
0.21,0.92,11.78
0.03,0.23,1.6742
0.53,0.14,6.4326
0.25,0.38,4.4346
0.23,0.98,14.172
0.85,0.12,16.122
0.24,0.69,8.1356
0.43,0.34,7.1416
0.05,0.44,2.759
0.95,0.54,50.86
0.11,0.68,5.4113
0.71,0.58,26.796
0.64,0.79,33.183
0.86,0.92,83.082
0.78,1,76.721
0.38,0.09,3.7552
0.64,0.88,39.62
0.3,0.31,4.5692
0.66,0.57,22.66
0.33,0.74,11.87
0.37,0.13,3.7855
0.04,0.92,7.0765
0.26,0.69,8.6916
0.61,0.74,27.383
0.16,0.42,3.716
0.77,0.8,49.984
0.27,0.25,3.6938
0.53,0.64,17.679
0.17,0.74,7.3427
0.37,0.62,10.437
0.9,0.04,16.074
1,0.42,46.54
0.69,0.08,9.2939
0.28,0.07,2.6597
0.06,0.43,2.864
0.78,0.21,15.839
0.59,0.58,18.756
0.82,0.05,12.928
0.36,0.8,14.547
0.89,0.76,66.035
0.74,0.59,29.926
0.98,0,18.906
0.31,0.62,8.7437
0.08,0.28,2.2779
0.94,0.96,114.46
0.44,0.45,9.2652
0.39,0.78,15.428
0.99,0.5,52.964
0.81,0.3,20.677
0.12,0.51,4.0365
0.66,0.99,52.519
0.25,0.75,9.4867
0.85,0.8,63.381
0.22,0.82,9.9481
0.14,0.01,1.4836
0.86,0.35,26.578
0.48,0.81,21.321
0.97,0.88,106.89
0.12,0.38,3.0288
0.18,0.13,2.2683
0.86,0.53,38.081
0.47,0.98,29.131
0.75,0.64,34.07
0.57,0.43,13.002
0.18,0.52,4.8185
0.25,0,2.1591
0.17,0.49,4.4272
0.94,0.02,17.345
0.15,0.94,10.19
0.62,0.63,22.485
0.68,0.41,17.504
0.15,0.28,2.7551
0.54,0.36,10.447
0.23,0.11,2.4488
0.59,0.05,6.5315
1,0.71,83.13
0.26,0.85,11.972
0.25,0.05,2.4099
0.94,0.49,44.698
0.14,0.62,5.3397
0.43,0.14,4.9588
0.39,0.55,9.6653
0.34,0.3,5.022
0.25,0.55,6.3194
0.38,0.14,4.1701
0.18,0.72,7.2358
0.05,0.47,2.894
0.34,0.95,18.544
0.43,0.74,16.004
0.28,0.78,10.935
0.59,0.02,6.144
0.91,0.78,72.95
0.51,0.99,33.502
0.37,0.11,3.7975
0.67,0.93,47.919
0.27,0.36,4.5981
0.66,0.26,12.228
0.9,0.75,66.725
0.65,0.05,7.6962
0.04,0.11,1.3711
0.04,0.98,7.981
0.17,0.89,9.9153
0.94,0.53,48.441
0.29,0.51,6.6861
0.54,0.18,7.1648
0.47,0.74,18.019
0.13,0.16,2.0426
0.29,0.42,5.4701
0.43,0.02,3.724
0.63,0.58,21.054
0.08,0.87,7.2149
0.76,0.57,30.513
0.43,0.19,5.2537
0.99,0.57,60.987
0.64,0.86,38.056
0.7,0.5,22.186
0.7,0.09,9.9072
0.81,0.6,37.718
0.24,0.27,3.5179
0.63,0.02,6.8603
0.79,0.42,24.726
0.32,0.57,8.2288
0.2,0.36,3.7386
0.74,0.13,11.909
0.78,0.32,19.643
0.21,0.99,13.606
0.51,0.58,14.688
0.1,0.31,2.4759
0.83,0.91,74.463
0.93,0.99,117.87
0.37,0.81,15.314
0.22,0.94,12.719
0.67,0.81,37.795
0.3,0.27,4.3297
0.64,0.96,46.387
0.26,0.74,9.5835
0.84,0.74,54.593
0,0.48,2.6614
0.93,0.72,68.708
0.86,0.64,47.41
0.01,0.32,2.0159
0.43,0.92,22.79
0.61,0.69,24.735
0.01,0.03,1.1395
0.49,0.51,12.139
0.41,0.11,4.2733
0.71,0.47,21.543
0.09,0.99,9.6126
0.4,0.6,10.965
0.21,0.9,11.346
0.01,0.4,2.3225
0.97,0.43,43.331
0.16,0.48,4.1539
0.83,0.46,30.219
0.29,0.79,11.588
0,0.16,1.3469
0.71,0.66,31.46
0.67,0.14,9.8662
0.14,0.59,4.8558
0.47,0.81,20.69
0.72,0.55,26.022
0.16,0.43,3.7174
0.69,0.02,8.299
0.42,0.88,20.481
0.18,0.33,3.2908
0.53,0.51,13.651
0.17,0.28,2.931
0.38,0.6,10.456
0.55,0.58,16.689
0.68,0.15,10.365
0.03,0.64,4.0091
0.29,0.13,3.089
1,0.6,66.703
0.22,0.66,7.1987
0.16,0.01,1.7159
0.9,0.21,22.774
0.15,0.27,2.7573
0.85,0.87,72.985
0.13,0.64,5.3115
0.41,0.95,22.934
0.72,0.41,19.76
0.86,0.39,28.746
0.28,0.65,8.4079
0.89,0.1,17.631
0.89,0.69,57.371
0.48,0.14,5.6167
0.51,1,34.137
0.82,0.92,73.761
0.63,0.43,15.695
0.08,0.36,2.6821
0.01,0.49,2.7073
0.41,0.78,16.329
0.26,0.07,2.4899
0.55,1,38.421
0.56,0.98,38.04
0.06,0.4,2.6679
0.35,0.46,7.2297
0.47,0.43,9.6358
0.1,0.36,2.8268
0.15,0.83,8.2384
0.46,0.23,6.2541
0.97,0.76,83.966
0.79,0.45,26.323
0.24,0.24,3.3658
0.02,0.62,3.6435
0.9,0.65,54.674
0.09,0.06,1.456
0.55,0.19,7.6392
0.34,0.2,4.1198
0.9,0.96,101.58
1,0.94,131.65
0.7,0.38,17.496
0.93,0.44,39.247
0.89,0.42,33.452
0.45,0.7,15.625
0.34,0.76,12.729
0.7,0.8,40.494
0.97,0.11,22.813
0.88,0.65,51.36
0.32,0.31,4.9158
0.79,0.82,55.188
0.8,0.04,11.911
0.73,0.25,14.726
0,0.59,3.2819
0.97,0.81,92.799
0.08,0.23,2.0446
0.42,0.84,18.951
0.6,0.02,6.2624
0.41,0.69,13.606
0.63,0.71,27.432
0.38,0.87,17.793
0.89,0.94,94.566
0.11,0.9,8.4839
0.68,0.1,9.4838
0.01,0.72,4.504
0.68,0.09,9.2596
0.31,0.78,12.136
0.44,0.44,8.9231
0.45,0.25,6.3589
0.14,0.39,3.2954
0.82,0.77,54.519
0.33,0.19,3.9162
0.2,0.4,3.9718
0.55,0.64,18.805
0.01,0.59,3.2953
0.81,0.92,71.423
0.72,0.27,14.797
0.3,0.53,7.1602
0.04,0.12,1.375
0.37,0.87,17.364
0.65,0.73,30.277
0.31,0.66,9.4746
0.59,0.29,10.364
0.79,0.3,19.373
0.53,0.95,32.743
0.78,0.67,39.69
0.46,0.9,24.123
0.39,0.97,22.445
0.65,0.47,18.072
0.54,0.22,7.8472
0.63,0.4,14.692
0.35,0.58,9.092
0.99,0.82,100.52
0.49,0.02,4.5421
0.09,0.04,1.344
0.48,0.88,24.588
0.06,0.18,1.8315
0.66,0.87,41.287
0.7,0.46,20.49
0.86,0.49,35.099
0.11,0.78,6.6983
0.14,0.21,2.2749
0.84,0.22,19.446
0.71,0.51,23.292
0.24,0.54,6.0466
0.84,0.44,30.015
0.85,0.55,38.502
0.98,0.33,36.626
0.43,0.25,6.0228
0.76,0.15,13.128
0.98,0.35,38.116
0.45,0.53,11.071
0.17,0.51,4.611
0.13,0.74,6.5169
0.41,0.41,7.8547
0.31,0.94,16.575
0.24,0.6,6.7197
0.09,0.37,2.7308
0.78,0.7,41.977
0.64,0.1,8.2777
0.38,0.85,17.109
0.29,0.93,15.343
0.04,0.18,1.5405
0.78,0.56,31.86
0.93,0.3,29.61
0.78,0.2,15.467
0.39,0.32,6.1222
0.73,0.27,15.356
0.95,0.37,36.293
0.57,0.19,8.0665
0.31,0.16,3.4186
0.54,0.12,6.4042
0.91,0.02,16.04
0.2,0.34,3.5851
0.34,1,20.484
0.29,0.92,15.079
0.23,0.21,3.0089
0.08,0.98,9.0921
0.5,0.82,23.05
0.73,0.56,27.394
0.23,0.73,8.58
0.66,0.8,35.894
0.2,0.57,5.694
0.77,0.72,42.401
0.08,0.59,4.172
0.22,0.03,2.0709
0.26,0.81,10.995
0.01,0.43,2.4093
0.77,0.24,16.28
0.95,0.89,102.52
0.37,0.68,11.957
0.5,1,33.102
0.72,0.24,14.139
0.68,0.2,11.539
0.62,0.16,8.8086
0.09,0.33,2.5137
0.26,0.04,2.3555
0.58,0.44,13.837
0.71,0.29,15.067
0.74,0.41,20.918
0.06,0.38,2.5923
0.45,0.12,4.8149
0.78,0.01,10.563
0,0.89,6.0013
0.44,0.55,11.247
0.08,0.13,1.6303
0.22,0.58,6.1914
0.42,0.54,10.3
0.78,0.97,72.282
0.58,0.18,8.1535
0.32,0.55,7.8482
1,0.91,124.05
0.05,0.24,1.8841
0.03,0.62,3.7587
0.36,0.17,4.2295
0.35,0.42,6.5976
0.51,0.79,22.335
0.68,0.05,8.4695
0.75,0.24,15.386
0.14,0.58,4.9
0.96,0.12,22.693
0,0.6,3.3044
0.25,0.42,4.9366
0.49,0.83,22.959
0.07,0.64,4.3391
0.79,0.73,46.052
0.34,0.01,2.8733
0.09,0.75,5.9009
0.4,0.45,8.0985
0.24,0.96,13.962
0.84,0.46,31.148
0.62,0.82,33.119
0.68,0.22,11.854
0.13,0.25,2.3908
0.9,0.42,34.426
0.19,0.11,2.1787
0.14,0.06,1.675
0.49,0.67,16.627
0.28,0.09,2.8519
0.72,0.95,57.897
0.11,0.66,5.1997
0.3,0.03,2.6411
0.32,0.43,6.1845
0.47,0.55,12.339
0.73,0.46,22.472
0.25,0.61,7.2465
0.39,0.86,18.011
0.5,0.29,8.0014
0.27,0.22,3.4917
0.26,0.26,3.7207
0.26,0.18,3.1579
0.13,0.82,7.6438
0.6,0.62,20.854
0.13,0.31,2.715
0.44,0.87,21.281
0.37,0.56,9.3464
0.72,0.63,30.559
0.35,0.51,7.9774
0.2,0.18,2.6085
0.69,0.3,14.445
0.01,0.84,5.4492
0.11,0.89,8.1972
1,0.93,129.04
0.2,0.1,2.2599
0.52,0.75,21.319
0.75,0.37,19.93
0.7,0.43,19.277
0,0.28,1.8349
0.1,0.65,4.9584
0.46,0.42,9.249
0.63,0.88,38.498
0.63,0.08,7.8623
0.6,0.14,8.0091
0.05,0.82,5.9387
0.54,0.91,31.066
0.78,0.1,12.658
0.36,0.38,6.3593
0.79,0.47,27.289
0.07,0.39,2.6212
0.21,0.07,2.2112
0.48,0.92,26.513
0.69,0.92,50.057
0.21,0.72,7.9713
0,0.55,2.9038
0.58,0.97,39.627
0.81,0.17,15.849
0.13,0.84,7.8975
0.73,0.04,9.681
0.41,0.96,23.28
0.53,0.54,14.347
0.91,0.98,108.95
0.31,0.86,14.166
0.96,0.92,112.15
0.75,0.45,23.305
0.81,0.99,82.303
0.67,0.5,20.3
0.29,0.21,3.6613
0.31,0.5,6.9084
0.52,0.86,26.536
0.1,0.47,3.5069
0.75,0.65,34.769
0.36,0.23,4.6822
0.72,0.99,62.828
0.61,0.9,37.665
0.74,0.57,28.729
0.83,0.55,36.165
0.38,0.37,6.5201
0.49,0.35,8.7708
0.21,0.19,2.6939
0.92,0.48,41.233
0.71,0.06,9.4328
0.56,0.28,9.2038
0.92,0.53,45.608
0.7,0.71,33.795
0.19,0.53,5.0313
0.78,0.43,24.488
0.47,0.18,5.8863
0.31,0.02,2.6465
0.03,0.46,2.7007
0.7,0.54,23.995
0.53,0.2,7.2876
0.71,0.96,57.438
0.1,0.71,5.6344
0.62,0.01,6.6101
0.29,0.49,6.3813
0.25,0.5,5.7473
0.86,0.51,36.628
0.87,0.97,94.615
0.02,0.21,1.6171
0.61,0.28,10.908
0.45,0.52,10.929
0.81,0.06,12.75
0.16,0.4,3.4762
0.65,0.85,38.481
0.09,0.84,6.9822
0.82,0.45,28.763
0.76,0.51,27.068
0.72,0.34,17.056
0.56,0.32,10.212
0.47,0.94,26.832
0.32,0.26,4.4044
0.25,0.34,4.1586
0.77,0.41,22.749
0.37,0.7,12.299
0.39,0.2,4.8177
0.35,0.7,11.553
0.84,0.48,32.446
0.48,0.17,5.979
0.95,0.69,68.744
0.5,0.27,7.6921
0.96,0.61,60.309
0.5,0.41,10.202
0.09,0.52,3.6663
0.98,0.69,75.22
0.18,0.39,3.7859
0.43,0.75,16.26
0.92,0.54,46.471
0.87,1,100.47
0.15,0.92,9.9023
0.58,0.72,24.085
0.95,0.74,75.927
0.69,0.14,10.594
0.77,0.99,72.976
0.08,0.41,2.807
0.21,0.66,7.0828
0.46,0.4,8.7679
0.62,0.6,21.363
0.95,0.58,55.144
0.69,0.04,8.5962
0.21,0.29,3.4018
0.24,0.2,2.9482
0.4,0.71,13.74
0.97,0.71,75.933
0.35,0.84,15.388
0.94,0.97,116.69
0.15,0.51,4.3705
0.41,0.53,9.8229
0.91,0.54,45.142
0.58,0.42,13.109
0.02,0.45,2.715
0.56,0.05,5.9014
0.01,0.39,2.1908
0.03,0.41,2.49
0.07,0.24,1.9789
0.18,0.49,4.4747
0.42,0.89,20.919
0.05,0.67,4.4776
0.76,0.92,61.505
0.61,0.29,11.251
0.04,0.2,1.7112
0.19,0.25,2.8437
0.8,0.49,29.334
0.83,0.02,12.601
0.32,1,19.296
0.72,0.07,10.012
0.16,0.87,9.1492
0.18,0.48,4.5106
0.82,0.68,45.576
0.85,0.79,62.082
0.58,0.36,11.685
0.88,0.75,62.761
0.47,0.77,19.171
0.62,0.4,14.164
0.12,0.81,7.252
0.43,0.39,7.9219
0.35,0.43,6.728
0.71,0.74,36.96
0.8,0.08,12.922
0.54,0.66,18.965
0.69,0.19,11.556
0.04,0.29,2.0069
0.08,0,1.2958
0.71,0.09,10.093
0.8,0.86,61.594
0.31,0.54,7.4248
0.3,0.92,15.49
0.18,0.44,4.142
0.9,0.01,15.246
0.01,0.01,0.99682
0.39,0.08,3.7531
0.8,0.13,14.327
0.32,0.92,16.45
0.13,0.21,2.3824
0.58,0.05,6.2475
0.85,0.91,79.104
0.18,0.15,2.3658
0.63,0.62,22.916
0.95,0.47,44.298
0.91,0.9,92.83
0.83,0.12,15.317
0.87,0.55,40.848
0.17,0.62,5.6674
0.03,0.2,1.6441
0.38,0.67,12.009
0.84,0.41,28.169
0.18,0.16,2.3022
0.63,0.98,46.934
0.24,0.14,2.7042
0.62,0.32,12.296
0.64,0.58,21.652
0.76,0.61,33.094
0.69,0.41,17.973
0.76,0.53,28.215
0.99,0.74,85.667
0.18,0.08,2.0759
0.54,0.49,13.403
0.68,0.88,44.667
0.14,0.33,2.8948
0.85,0.34,25.25
0.74,0.83,48.355
0.41,0.87,19.503
0.06,0.5,3.1844
0.91,0.43,36.22
0.78,0.4,23.114
0.25,0.21,3.1744
0.22,0.24,3.1271
0.77,0.79,48.976
0.37,0.33,5.8198
0.85,0.1,15.629
0.74,0.17,12.996
0.95,0.5,46.954
0.59,0.01,5.9522
0.77,0.55,30.27
0.51,0.81,23.313
0.99,0.75,87.287
0.54,0.43,11.973
0.49,0.58,13.882
0.59,0.87,33.517
0.85,0.69,50.912
0.04,0.14,1.4993
0.32,0.71,10.721
0.69,0,7.9101
0.64,0.92,43.002
0.51,0.97,32.213
0.28,0.61,7.8165
0.71,0.87,47.867
0.83,0.84,64.773
0.07,0.81,6.3185
0.81,0.31,21.147
0.74,0.31,17.05
0.68,0.49,20.474
0.55,0.18,7.6011
0.85,0.51,35.574
0.38,0.83,16.398
0.42,0.63,12.41
0.78,0.16,14.267
0.27,0.58,7.1208
0.95,0.53,49.82
0.45,0.1,4.6828
0.05,0.28,2.0692
0.98,0.45,46.528
0.76,0.04,10.551
0.17,0.95,11.137
0.77,0.89,59.725
0.3,0.97,17.134
0.56,0.47,13.821
0.62,0.38,13.729
0.01,0.66,3.8676
0.67,0.04,8.0367
0.7,0.76,37.354
0.02,0.17,1.5082
0.02,0.74,4.6325
0.62,0.61,21.748
0.16,0.08,1.8774
0.01,0.92,6.4506
0.65,0.44,17.056
0.22,0.02,2.0556
0.21,0.09,2.2945
0.86,0.46,33.12
0.52,0.11,5.9468
0.44,0.74,16.465
0.75,0.84,50.939
0.72,0.04,9.4157
0.51,0.78,22.006
0.53,0.96,33.39
0.32,0.47,6.6951
0.49,0.62,15.004
0.6,0.21,9.2002
0.28,0.23,3.6661
0.59,0.53,16.839
0.42,0.81,17.863
0.3,0.13,3.2143
0.38,0.2,4.6526
0.25,0.14,2.7471
0.5,0.18,6.3473
0.57,0.61,18.851
0.82,0.02,12.18
0.66,0.69,28.737
0.01,0.15,1.4606
0.87,0.86,75.994
0.17,0.18,2.3525
0.08,0.4,2.8085
0.6,1,44.674
0.7,0.68,31.686
0.88,0.81,70.83
0.55,0.11,6.5704
0.74,0.94,60.269
0.77,0.68,39.421
0.85,0.46,32.308
0.35,0.25,4.74
0.18,0.21,2.6669
0.99,0.47,49.902
0.28,0.76,10.659
0.48,0.5,11.604
0.18,0.32,3.3771
0.06,0.93,7.7237
0.33,0.01,2.7542
0.28,0.5,6.4261
0.46,0.77,18.458
0.78,0.35,20.885
0.08,0.05,1.4632
0.89,0.39,31.437
0.51,0.1,5.643
0.58,0.53,16.472
0.19,0.12,2.2638
0.5,0.98,31.758
0.67,0.45,18.485
0.06,0.79,5.8149
0.46,0.33,7.7352
0.69,0.87,45.127
0.96,0.28,31.22
0.29,0.82,12.355
0.59,0.89,34.851
0.92,0.45,38.833
0.55,0.56,15.971
0.22,0.04,2.2051
0.58,0.51,15.763
0.09,0.03,1.4896
0.55,0.25,8.6254
0.2,0.75,8.2354
0.84,0.92,78.222
0.87,0.42,31.467
0.16,0.92,10.167
0.73,0.19,13.034
0.23,0.2,2.9253
0.46,0.85,21.745
0.88,0.91,86.417
0.5,0,4.5027
0.83,0.48,31.454
0.13,0.48,3.8883
0.61,0.72,26.282
0.17,0.26,2.7955
0.24,0.52,5.7995
0.61,0.91,38.49
0.77,0.46,25.339
0.89,0.14,18.978
0.7,0.07,9.3899
0.47,0.22,6.3073
0.24,0.32,3.9358
0.99,0.54,57.357
0.85,0.23,20.314
0.33,0.57,8.3975
0.24,0.68,8.0257
0.47,0.46,10.324
0.38,0.03,3.2665
0.53,0.5,13.306
0.67,0.85,40.901
0.31,0.06,2.8649
0.51,0.52,13.122
0.27,0.04,2.4587
0.56,0.17,7.4904
0.74,0.49,24.53
0.27,0.5,6.1445
0.3,0.19,3.7193
0.74,0.72,38.857
0.31,0.13,3.2655
0.49,0.34,8.6118
0.69,0.62,27.468
0.06,0.33,2.3254
0.34,0.05,3.0478
0.78,0.34,20.542
0.42,0.64,12.684
0.47,0.09,4.9342
0.79,0.33,20.795
0.81,0.24,18.341
0.53,0.58,15.461
0.79,0.74,47.023
0.09,0.1,1.6005
0.02,0.11,1.2119
0.94,0.37,35.188
0.74,0.18,13.214
0.12,0.9,8.5972
0.89,0.44,34.801
0.52,0.08,5.6439
0.99,0.3,35.526
0.79,0.2,16.002
0.09,0.78,6.2623
0.32,0.03,2.7476
0.61,0.48,16.242
0.02,0.98,7.5871
0.6,0.4,13.489
0.66,0.7,29.37
0.28,0.88,13.382
0.51,0.01,4.7539
0.14,0.05,1.7275
0.15,0.19,2.2679
0.66,0.01,7.4221
0.02,0.87,6.0448
0.69,0.58,25.281
0.82,0.17,16.447
0.26,0.61,7.3814
0.6,0.15,8.1683
0.78,0.95,69.278
0.28,0.05,2.5555
0.15,0.72,6.5937
0.07,0.97,8.6316
0.13,0.81,7.3841
0.02,0.31,2.0039
0.26,0.27,3.7453
0.18,0.61,5.8746
0.15,0.73,6.7606
0.65,0.35,14.171
0.16,0.49,4.2254
0.61,0.05,6.9509
0.44,0.96,25.451
0.22,0.91,11.845
0.16,0.28,2.7965
0.31,0.15,3.4363
0.52,0.1,5.8414
0.78,0.79,50.442
0.18,0.98,12.222
0.54,0.81,25.504
0.89,0.48,37.678
0.43,0.84,19.513
0.65,0.37,14.738
0.37,0.2,4.4633
0.33,0.42,6.153
0.41,0.12,4.2917
0.3,0.48,6.445
0.53,0.41,11.175
0.95,0.13,22.45
0.08,0.44,3.0626
0.25,0.27,3.6334
0.84,0.66,46.592
0.16,1,11.974
0.44,0.41,8.4566
0.7,0.62,28.162
0.47,0.68,15.928
0.84,0.08,14.486
0.64,0.09,8.2153
0.45,0.85,21.149
0.28,0.51,6.4308
0.71,0.5,22.836
0.53,0.4,10.964
0.86,0.84,70.86
0.71,0.72,35.465
0.62,0.59,20.871
0.65,0.92,44.353
0.51,0.71,19.122
0.64,0.6,22.616
0.04,0.94,7.4736
0.33,0.4,5.9893
0.86,0.08,15.634
0.59,0.57,18.32
0.94,0.1,20.478
0.99,0.15,26.349
0.24,0.79,9.9339
0.14,0.92,9.6744
0.93,0.59,52.924
0.49,0.92,27.387
0.74,0.69,36.565
0.74,0.05,10.221
0.82,0.3,21.349
0.46,0.15,5.3928
0.7,0.05,8.8619
0.66,0.73,31.285
0.31,0.35,5.1216
0.55,0.28,9.1211
0.18,0.43,4.042
0.27,0.91,13.864
0.02,0.71,4.4453
0.88,0.39,30.611
0.42,0.9,21.39
0.02,0.56,3.2267
0.04,0.32,2.098
0.56,0.72,22.69
0.64,0.15,9.1354
0.53,0.85,26.911
0.54,0.84,27.07
0.99,0.05,21.5
0.57,0.59,17.998
0.81,0.59,36.935
1,0.4,44.601
0.43,0.31,6.7539
0.8,0.37,23.249
0.08,0.38,2.7267
0.98,0.91,116.71
0.26,0.63,7.6901
0.46,0.27,6.8823
0.52,0.77,22.288
0.77,0.57,31.416
0.72,0.74,38.038
0.96,0.08,20.895
0.45,0.06,4.3122
0.65,0.12,8.9284
0.06,0.67,4.5512
0.8,0.62,38.158
0.35,0.14,3.6957
0.6,0.09,7.2352
0.75,0.22,14.723
0.52,0.27,8.2137
0.21,0.11,2.2732
0.38,0.08,3.6965
0.94,0.91,103.55
0.13,0.04,1.6716
0.68,0.71,31.824
0.21,0.28,3.2724
0.09,0.68,5.0167
0.87,0.4,30.269
0.45,0.66,14.54
0.27,0.64,8.1224
0.35,0.52,8.074
0.45,0.27,6.6152
0.69,0.57,24.868
0.4,0.41,7.573
0.21,0.95,12.546
0.46,0.83,20.892
0.63,0.42,15.357
0.3,0.23,3.9096
0.53,0.01,5.0715
0.07,0.6,4.1016
0.87,0.51,37.785
0.81,0.33,21.88
0.02,0.83,5.6487
0.77,1,74.541
0.38,0.46,7.8983
0.5,0.5,12.239
0.4,0.85,18.107
0.53,0.73,21.163
0.77,0.93,64.613
0.77,0.64,36.26
0.12,0.45,3.5413
0.27,0.09,2.6986
0.11,0.88,8.0075
0.73,0.44,21.642
0.64,0.97,47.437
0.46,0.3,7.1921
0.55,0.88,30.303
0.54,0.61,17.185
0.97,0.95,122.63
0.61,0.33,12.119
0.03,0.05,1.2898
0.96,0.33,34.51
0.88,0.87,79.815
0.37,0.77,14.223
1,0.31,37.224
0.35,0.8,14.18
0.66,0.89,42.974
0.78,0.19,15.199
0.41,0.31,6.3906
0.09,0.59,4.243
0.1,0.53,3.8325
0.55,0.4,11.641
1,0.69,79.789
0.29,0.14,3.0671
0.25,0.67,8.1687
0.6,0.78,28.797
0.49,0.32,8.107
0.88,0.58,44.66
0.35,0.07,3.128
0.03,0.84,5.7814
0.58,0.9,34.398
0.6,0.7,24.483
0.08,0.94,8.358
0.36,0.94,19.214
0.55,0.35,10.54
0.54,0.86,28.209
0.91,0.51,42.485
0.89,0.03,15.272
0.38,0.76,14.3
0.02,0.01,1.0855
0.16,0.97,11.177
0.65,0.43,16.536
0.48,0.29,7.3765
0.51,0.93,29.607
0.78,0.45,25.585
0.18,0.87,9.7739
0.25,0.92,13.346
0.82,0.82,60.386
0.81,0.79,55.187
0.23,0.03,2.0932
0.37,0.5,8.2454
0.49,0.04,4.7266
0.22,0.96,13.153
0.58,0.99,41.27
0.5,0.49,11.908
0.92,0.35,31.855
0.75,0.03,10.144
0.05,0.04,1.1905
0.43,0.1,4.4362
0.89,0.31,26.841
0.45,0.82,19.887
0.56,0.3,9.7051
0.49,0.23,6.8475
0.57,0.84,29.58
0.61,0.87,35.576
0.6,0.48,15.803
0.13,0.5,3.8902
0.56,0.07,6.1019
0.01,0.02,1.0473
0.95,0.22,26.757
0.15,0.48,4.1566
0.07,0.98,8.8244
0.12,0.49,3.7816
0.89,0.25,23.692
0.51,0.21,7.0226
0.11,0.43,3.3688
0.13,0.43,3.5008
0.7,0.33,15.877
0.08,0.33,2.5102
0.94,0.61,56.788
0.21,0.58,6.0517
0.69,0.26,13.439
0.33,0.58,8.5381
0.62,0.2,9.6228
0.14,0.91,9.3842
0.41,0.13,4.4962
0.92,0.08,18.515
0.89,0.12,18.398
0.76,0.1,11.982
0.56,0.73,23.046
0.67,0.67,28.5
0.92,0.9,95.621
0.06,0.49,3.1798
0.57,0.86,30.934
0.33,0.08,3.1381
0.26,0.75,9.7024
0.61,0.04,6.8201
0.43,0.26,6.1119
0.7,0.4,18.216
0.42,0.77,16.39
0.45,0.33,7.5757
0.97,0.16,25.295
0,0.35,2.0893
0.56,0.6,17.803
0.41,1,25.352
0.97,0.79,89.14
0.35,0.9,17.306
0.33,0.17,3.8163
0.8,0.48,28.836
0.64,0.27,11.619
0.16,0.79,7.7395
0.55,0.66,19.542
0.37,0.43,7.1515
0.52,0.03,4.9862
0.32,0.51,7.1671
0.78,0.5,28.193
0.06,0.1,1.4022
0.95,0.32,32.72
0.41,0.52,9.6804
0.05,0.87,6.7262
0.59,0.03,6.2044
0.14,0.76,6.9531
0.5,0.03,4.746
0.05,0.6,3.8504
0.39,0.91,19.792
0.49,0.94,28.525
0.83,0.07,13.883
0.98,0.09,22.651
0.83,0.3,22.023
0.61,0.65,22.899
0.52,0.2,6.933
0.95,0.01,17.785
0.01,0.51,2.8357
0.58,0.94,37.291
0.25,0.62,7.3219
0.88,0.94,91.895
0.53,0.25,8.1834
0.87,0.31,25.3
0.13,0.18,2.0622
0.03,0.55,3.3402
0.27,0.43,5.3943
0.15,0.31,2.9114
0.5,0.16,6.0984
0.98,0.47,48.386
0.02,0.54,3.1238
0.23,0.85,10.914
0.26,0.67,8.2379
0.17,0.73,7.0801
0.11,0.49,3.7628
0.64,0.18,9.8662
0.88,0.61,47.47
0.72,0.47,22.27
0.67,0.68,29.12
0.63,0.96,45.219
0.37,0.47,7.6661
0.45,0.83,20.339
0.12,0.67,5.5067
0.42,0.24,5.8622
0.05,0.51,3.222
0.8,0.67,42.06
0.71,0.01,8.5718
0.5,0.57,13.942
0.75,1,70.106
0.23,0.71,8.223
0.66,0.68,28.212
0.28,0.96,15.719
0.96,0.95,119.05
0.05,0.85,6.2968
0.92,0.44,38.065
0.92,0.79,76.789
0.81,0.12,14.41
0.9,0.25,24.557
0.02,0.77,4.9669
0.48,1,31.117
0.49,0.96,29.723
0.85,0.94,83.806
0.11,0.11,1.7419
0.49,0.41,9.8536
0.79,0.1,13.069
0.43,0.4,8.0265
0.7,0.25,13.485
0.75,0.44,22.876
0.74,0.79,44.766
0.77,0.83,52.949
0.39,0.29,5.7545
0.62,0.86,35.893
0.94,0.5,45.568
0.27,0.86,12.528
0.07,0.05,1.3244
0.32,0.04,2.834
0.56,0.1,6.5106
0.17,0.07,1.9247
0.55,0.72,21.936
0.44,0.63,13.226
0.23,0.59,6.4746
0.61,0.78,29.724
0.21,0.44,4.4459
0.42,0.5,9.5769
0.37,0.44,7.3263
0.1,0.46,3.4426
0.46,0.06,4.4357
1,0.58,64.145
0.55,0.16,7.1027
0.88,0.4,31.223
0.76,0.93,62.888
0.79,0.6,35.478
0.79,0.69,42.558
0.02,0.66,3.9802
0.09,0.6,4.3503
0.27,0.21,3.351
0.54,0.08,5.9404
0.17,0.96,11.351
0.62,0.95,42.937
0.4,0.13,4.3755
0.87,0.73,58.564
0.69,0.71,32.655
0.49,0.68,16.874
0.07,0.76,5.7032
0.19,0.85,9.5777
0.63,0.89,39.264
0.97,0.78,87.299
0.39,0.18,4.6582
0.3,0.22,3.7914
0.95,0.52,48.887
0.09,0.97,9.1371
0.99,0.33,37.779
0.82,0.72,49.328
0.93,0.84,87.262
0.14,0.28,2.6094
0.7,0.12,10.407
0.19,0.72,7.452
0.09,0.22,2.0266
0.21,0.32,3.5392
0.56,0.34,10.496
0.22,0.47,5.0306
0.43,0.09,4.4019
0.11,0.33,2.7053
0.66,0.12,9.2382
0.36,0.42,6.8526
0.93,0.38,34.879
0.13,0.88,8.5655
0.86,0.26,22.12
0.61,0.46,15.68
0.57,0.72,23.358
0.16,0.58,5.1882
0.62,0.57,20.024
0.74,0.08,10.865
0.98,0.86,105.63
0.39,0.95,21.529
0.54,0.28,8.931
0.95,0.96,117.95
0.2,0.82,9.3611
0.87,0.17,19.11
0.46,0.39,8.675
0,0.45,2.6046
0.1,0.32,2.6428
0.94,0.29,30.029
0.4,0.53,9.5913
0.38,0.52,8.8176
0.82,0.85,64.089
0.71,0.75,37.631
0.37,0.03,3.2126
0.1,0,1.3721
0.96,0.2,26.505
0.96,0.23,28.227
0.29,0.22,3.7033
0.18,0.01,1.744
0.29,0.99,17.343
0.82,0.87,66.79
0.92,0.71,65.395
1,0.15,27.143
0.33,0.85,14.875
0.34,0.48,7.2818
0.69,0.91,48.911
0.66,0.78,34.401
0.98,0.98,134.31
0.06,0.31,2.2217
0.88,0.36,28.888
0.68,0.28,13.587
0.51,0.75,20.662
0.27,1,16.662
0.44,0.76,17.101
0.1,0.59,4.4813
0.2,0.87,10.366
0.32,0.08,3.1734
0.76,0.68,38.091
0.91,0.76,70.036
0.05,0.66,4.2976
0.37,0.53,8.6394
0.41,0.1,4.0603
0.59,0.75,26.235
0.16,0.5,4.4125
0.15,0.42,3.5445
0.98,0.99,136.95
0.95,0.64,62.148
0.59,0,5.8699
0.15,0.1,1.8957
0.68,0.07,8.7736
0.89,0.4,32.101
0.14,0.08,1.8249
0.68,0,7.6175
0.77,0.12,12.79
0.04,0.49,2.9207
0.49,0.98,30.781
0.63,0.75,29.746
0.01,0.17,1.4616
0.56,0.22,8.3148
0.93,0.4,36.12
0.44,0.52,10.512
0.4,0.06,3.8094
0.63,0.35,13.294
0.13,0.02,1.5593
0.89,0.74,63.399
0.8,0.28,19.267
0.98,0.31,35.261
0.92,0.73,67.972
0.52,0.47,12.237
0.13,0.79,7.2748
0.98,0.03,20.118
0.95,0.62,59.734
0.07,0.72,5.1432
0.9,0.52,42.089
0.37,0.48,7.896
0.26,0.25,3.5425
0.45,1,28.487
0.48,0.33,8.1352
0.79,0.15,14.452
0.94,0.08,19.644
0.52,0.44,11.439
0.36,0.67,11.236
0.11,0.73,5.9526
0.78,0.25,17.023
0.3,0.56,7.5001
0.24,0.36,4.2634
0.42,0.32,6.6912
0.29,0.52,6.7835
0.03,0.06,1.1803
0.42,0.85,19.29
0.96,0.18,25.538
0.33,0.43,6.4827
0.77,0.62,34.762
0.11,0.56,4.3231
0.2,0.77,8.4641
0.4,0.33,6.4578
0.72,0.4,19.314
0.7,0.02,8.4179
0.04,0.83,5.8936
0.77,0.76,46.05
0.48,0.05,4.6531
0.28,0.15,3.2514
0.28,0.04,2.4299
0.05,0.8,5.7465
0.93,0.55,48.868
0.42,0.74,15.519
0.46,0.79,19.315
0.23,0.27,3.4673
0.67,0.94,48.872
0.83,0.58,38.449
0.91,0.05,16.962
0.79,0.95,71.455
0.32,0.96,17.813
0.82,0.66,43.918
0.32,0.36,5.3154
0.15,0.86,8.7284
0.65,0.6,23.342
0.99,0.77,90.959
0.89,0.8,71.49
0.97,0.03,19.413
0.69,0.48,20.718
0.47,0.13,5.2458
0,0.57,3.1315
0.9,0.4,33.149
0.59,0.59,19.119
0.33,0.63,9.5109
0.24,0.17,2.9397
0.81,0.96,77.503
0.36,0.29,5.2185
0.3,1,18.113
0.66,0.48,18.838
0.06,0.44,2.8673
0.27,0.85,12.253
0.97,0.37,38.541
0.75,0.58,30.275
0.68,0.87,43.849
0.61,0.17,8.8685
0.87,0.11,17.001
0.57,0.67,21.103
0.93,0.36,33.391
0.57,0.11,6.8287
0.61,0.96,42.639
0.08,0.88,7.4572
0.25,0.26,3.6548
0.88,0.8,69.475
0.54,0.67,19.279
0.98,0.52,53.466
0.34,0.78,13.224
0.14,0.98,10.876
0.16,0.37,3.3329
0.7,0.77,38.108
0.41,0.42,7.8798
0.24,0.8,10.138
0.01,0.98,7.378
0.82,0.78,55.688
0.26,0.95,14.563
0.14,0.11,1.9768
0.62,0.28,11.259
0.3,0.52,7.0623
0.84,0.53,35.917
0.72,0.49,23.107
0.63,0.1,8.0236
0.5,0.68,17.495
0.73,0.3,16.267
0.91,0.81,77.473
0.38,0.34,6.1199
0.02,0.36,2.0975
0.52,0.45,11.694
0.63,0.82,34.153
0.12,0.48,3.7176
0.36,0.15,3.9569
0.96,0.73,76.654
0.05,0.89,6.8178
0.31,0.92,15.991
0.75,0.5,25.856
0.55,0.1,6.3496
0.76,0.63,34.427
0.3,0.82,12.648
0.39,0.13,4.0753
0.91,0.85,83.856
0.7,1,60.259
0.93,0.88,94.581
0.93,0.81,82.196
0.01,0.63,3.5996
0.96,0.96,121.48
0.89,0.65,53.045
0.87,0.3,24.774
0.6,0.52,17.223
0.96,0.27,30.61
0.53,0.19,7.2542
0.66,0.91,44.617
0.41,0.94,22.393
0.26,0.88,12.622
1,0.56,61.586
0.28,0.6,7.7062
0.28,0.24,3.7916
0.48,0.08,4.9686
0.87,0.19,19.922
0.99,0.73,83.895
0.57,0.16,7.6066
0.99,0.89,115.57
0.42,0.94,23.214
0.62,0.81,32.455
0.88,0.34,27.683
0.18,0.57,5.4783
0.96,0.38,38.149
0.24,0.9,12.327
0.49,0.89,25.865
0.64,0.28,11.946
0.27,0.16,3.1126
1,0.9,121.49
0.72,0.83,45.59
0.92,0.18,22.611
0.72,0.98,61.567
0.63,1,48.992
0.07,0.7,5
0.41,0.5,9.3289
0.22,0.9,11.62
0.86,0.57,41.269
0.05,0.9,6.9705
0.94,0.76,76.634
0.7,0.85,44.781
0.99,0.53,56.24
0.99,0.9,117.9
0.57,0.21,8.5624
0.75,0,9.5448
0.16,0.84,8.7275
0.67,0.47,19.061
1,0.33,38.773
0.1,0.08,1.5214
0.42,0.21,5.4392
0.05,0.54,3.4397
0.51,0.24,7.46
0.85,0.76,58.506
0.49,0.43,10.303
0.55,0.97,36.119
0.76,0.11,12.285
0.48,0.96,28.748
0.48,0.8,20.999
0.42,0.41,8.0202
0.66,0.4,16.195
0.18,0.41,3.7913
0.09,0.05,1.4053
0.91,0.36,31.45
0.49,0.18,6.1487
0.43,0.2,5.3865
0.08,0.43,3.0662
0.85,0.84,68.785
0.38,0.29,5.6588
0.08,0.57,3.9035
0.95,0.88,100.47
0.01,0.19,1.5829
0.05,0.56,3.5409
0.73,0.54,26.274
0.07,0.66,4.63
0.76,0.19,14.225
0.83,0.78,57.458
0.14,0.02,1.7142
0.23,0.74,8.7504
0.74,0.29,16.474
0.12,0.99,10.405
0.32,0.19,3.7846
0.35,0.13,3.7487
0.44,0.91,23.105
0.15,0.97,10.962
0.89,0.51,40.109
0.57,0.75,24.765
0.1,0.67,5.1278
0.18,0.88,9.9952
0.55,0.51,14.379
0.27,0.01,2.3097
0.09,0.23,2.1089
0.81,0.43,26.891
0.01,0.87,5.8457
0.46,0.62,13.761
0.32,0.13,3.4098
0.35,0.72,11.95
0.66,0.31,13.537
0.92,0.31,29.354
0.32,0.52,7.3431
0.58,0.19,8.1828
0.19,0.69,6.9735
0.22,0.22,2.9093
0.66,0.75,32.5
0.49,0.69,17.285
0.62,0.77,29.999
0.26,0.39,4.6582
0.62,0.22,10.033
0.06,0.77,5.5917
0.26,0.97,15.375
0.26,0.66,8.2416
0.18,0.38,3.7249
0.79,0.66,39.99
0.17,0.88,9.6317
0.48,0.93,27.073
0.44,0.17,5.1852
0.2,0.35,3.6245
0.93,0.22,25.265
0.81,0.23,18.002
0.73,0.79,43.322
0.02,0.47,2.7574
0.43,0.42,8.3742
0.53,0.45,11.981
0,0.7,4.1085
0.43,0.08,4.1369
0.48,0.51,11.793
0.76,0.46,24.499
0.19,0.54,5.2152
0.13,0.65,5.3953
0.73,0.96,60.907
0.74,0.6,30.507
0.41,0.57,10.804
0.62,0.21,9.8134
0.12,0.96,9.7846
0.69,0.05,8.7237
0.42,0.17,4.9763
0.16,0.2,2.365
0.98,0.21,28.791
0.48,0.76,19.274
0.69,0.49,21.072
0.56,0.11,6.6135
0.01,0.69,4.0674
0.91,0.59,49.884
0.61,0.41,14.194
0.44,0.27,6.4335
0.5,0.25,7.3563
0.78,0.28,18.1
0.36,0.25,4.886
0.3,0.99,17.865
0.33,0.98,19.09
0.15,0.64,5.6644
0.74,0.86,51.412
0.41,0.44,8.2125
0.53,0.24,7.8078
0.92,0.99,114.45
0.97,0.46,46.169
0.1,0.43,3.21
0.72,0.76,39.712
0.64,0.63,24.008
0.03,0.07,1.2194
0.42,0.39,7.6442
0.31,0.57,7.9469
0.45,0.46,9.5685
0.54,0.97,35.208
0.26,0.12,2.8336
0.95,0.25,28.496
0.47,0.71,16.93
0.73,1,66.051
0.61,0.16,8.7052
0.27,0.31,4.2093
0.04,0.9,6.7668
0.08,1,9.4008
0.11,0.63,4.9527
0.75,0.55,28.394
0.45,0.92,24.421
0.09,0.4,2.9302
0.72,0.93,55.676
0.81,0.32,21.475
0.06,0.88,7.0246
0.38,0.02,3.3518
0.23,0.02,2.169
0.26,0.9,13.189
0.14,0.71,6.3455
0.27,0.8,11.036
0.37,0.75,13.54
0.7,0.55,24.556
0.96,0.98,126.36
0.61,0.38,13.28
0.06,0.62,4.0766
0.48,0.02,4.312
0.67,0.73,32.112
0.09,0.76,6.1159
0.87,0.96,92.646
0.89,0.11,18.074
0.81,0.35,22.9
0.98,0.38,40.474
0.67,0.74,32.682
0.25,0.89,12.555
0.48,0.31,7.844
0,0.97,6.9102
0.39,0.58,10.385
0.54,0.64,18.168
0.11,0.84,7.5861
0,0.04,1.1844
0.6,0.28,10.573
0.36,0.87,16.855
0.05,0.65,4.2696
0.48,0.2,6.3832
0.17,0.53,4.7958
0.5,0.59,14.566
0.94,0.71,69.432
0.68,0.53,22.247
0.43,0.59,11.83
0.36,1,21.786
0.42,0.23,5.5982
0.5,0.88,25.969
0.32,0.85,14.306
0.95,0.03,18.386
0.13,0.34,2.8696
0.71,0.78,39.961
0.02,0.76,4.8084
0.46,0.93,25.549
1,0.16,27.587
0.2,0.47,4.7884
0.89,0.53,41.685
0.27,0.6,7.5299
0.7,0.18,11.677
0.17,0.17,2.4135
0.88,0.1,17.057
0.61,0.59,20.274
0.1,0.93,8.7477
0.43,0.97,25.223
0.79,0.65,39.157
0.15,0.59,5.0838
0.26,0.16,2.9799
0.45,0.8,19.122
0.98,0.32,35.94
0.41,0.55,10.201
0.59,0.55,17.609
0.31,0.21,3.7435
0.5,0.84,24.099
0.25,0.64,7.6764
0.61,0.31,11.528
0.32,0.5,7.1386
0.34,0.97,19.365
0.89,0.92,90.93
0.61,0.58,19.898
0.82,0.7,47.424
0.2,0.74,7.9377
0.21,0.68,7.2379
0.14,0.87,8.6976
0.48,0.94,27.718
0.35,0.04,3.112
0.58,0.89,33.805
0.62,0.65,23.591
0.28,0.93,14.888
0.81,0.51,31.47
0.54,0.48,13.131
0.17,0.52,4.7179
0.35,0.53,8.2322
0.23,0.69,7.9332
0.57,0.97,38.342
0.35,0.85,15.762
0.33,0.49,7.1738
0.78,0.6,34.475
0.96,0.16,24.599
0.95,0.19,25.292
0.54,0.72,21.257
0.09,0.64,4.7487
0.58,1,42.13
0.19,0.96,12.041
0.17,0.8,8.4263
0.01,0.67,3.9424
0.3,0.15,3.3509
0.36,0.81,14.863
0.4,0.91,20.472
0.9,0.98,105.69
0.71,0.18,12.106
0.91,0.89,90.935
0.09,0.44,3.1695
0.77,0.84,53.91
0.51,0.96,31.601
0.83,0.67,45.98
0.84,0.35,25.005
0.38,0.51,8.723
0.35,0.4,6.3717
0.66,0.84,38.824
0.93,0.26,27.45
0.47,0.42,9.4757
0.01,0.26,1.7216
0.94,0.94,109.95
0.99,0.97,135.76
0.07,0.79,5.9869
0.55,0.89,30.787
0.75,0.25,15.743
0.91,0.26,25.807
0.6,0.88,35.148
0.86,0.91,81.465
0.46,0.41,9.0066
0.78,0.64,37.331
0.35,0,2.8324
0.86,0.01,13.415
0.57,0.24,8.9613
0.1,0.03,1.512
0.21,0.52,5.2693
0.84,0.96,84.717
0.38,0.59,10.185
0.11,0.93,8.9109
0.27,0.02,2.3394
0.82,0.23,18.486
0.86,0.96,90.052
0.52,0.56,14.648
0.62,0.26,10.855
0.07,0.65,4.4716
0.32,0.16,3.5889
0.29,0.03,2.5631
0.85,0.7,52.017
0.18,0.29,3.0699
0.31,0.9,15.268
0.63,0.05,7.3072
0.77,0.04,11.071
0.35,0.59,9.3724
0.65,0.66,26.407
0.59,0.14,7.7456
0.32,0.54,7.5799
0.84,0.47,31.901
0.01,0.93,6.6944
0.6,0.83,31.772
0.13,0.03,1.4889
0.6,0.81,30.678
0.01,0.81,5.2598
0.34,0.59,8.9289
0.57,0.39,12.073
0.36,0.24,4.6923
0.4,0.55,9.8706
0.84,0.43,29.397
0.92,0.8,78.303
0.63,0.27,11.323
0.66,0.71,29.951
0.43,0.51,9.9557
0.95,0.78,82.299
0.73,0.43,21.188
0.76,0.95,65.316
0.48,0.35,8.4318
0.45,0.5,10.506
0.15,0.3,2.8181
0.7,0.87,46.476
0.99,0.56,59.75
0.57,0.52,15.589
0.33,0.79,13.161
0.19,0.24,2.8322
0.73,0.32,16.858
0.5,0.05,5.0504
0.24,0.1,2.4929
0.81,0.19,16.648
0.75,0.38,20.259
0.74,0.85,50.359
0.45,0.89,22.938
0.98,0.72,79.732
0.42,0.02,3.6912
0.3,0.73,10.544
0.39,0,3.3107
0.83,0.29,21.493
0.34,0.93,17.865
0.91,0.49,40.962
0.36,0.32,5.5703
0.58,0.81,28.822
0.85,0.14,16.976
0.48,0.46,10.53
0,0.88,5.8483
0.9,0.3,27.084
0.79,0.13,13.828
0.8,0.44,26.677
0.04,0.88,6.4986
0.2,0.98,13.048
0.98,0.51,52.471
0.39,0.19,4.7305
0.43,0.56,11.142
0.61,0.07,7.1465
0.49,0.1,5.2782
0.3,0.65,9.0221
0.9,0.68,58.006
0.04,0.43,2.8056
0.88,0.32,26.737
0.36,0.71,12.19
0.05,0.63,4.0379
0.36,0.07,3.4034
1,0.68,78.182
0.71,0.21,12.83
0.31,0.55,7.6941
0.86,0.85,72.208
0.21,0.46,4.6304
0.26,0.56,6.6154
0.8,0.55,33.103
0.04,0.48,2.8715
0.74,0.12,11.725
0.72,0.64,31.208
0.1,0.75,5.9826
0.26,0.55,6.419
0.03,0.81,5.482
0.97,0.34,36.306
0.07,0.71,5.0566
0.71,0.89,49.848
0.59,0.21,9.0039
0.68,0.99,55.799
0.28,0.89,13.743
0.06,0.06,1.3198
0.59,0.9,35.559
0.56,0.9,32.432
0.84,0.5,33.718
0.91,0.08,17.949
0.49,0.6,14.458
0.9,0.16,20.508
0,0.1,1.1567
0.87,0.22,21.046
0.72,0.87,49.344
0.94,0.59,54.634
0.7,0.21,12.44
0.6,0.97,42.197
0.5,0.08,5.2395
0.31,0.07,2.8916
0.52,0.7,19.293
0.83,0.73,51.906
0.02,0.64,3.8468
0.92,0.85,86.491
0.51,0.94,30.209
0.2,0.17,2.4961
0.04,0.7,4.5655
0.09,0.08,1.5096
0.82,0.25,19.325
0.42,0.28,6.2111
0.59,0.24,9.4894
0.17,0.65,5.9414
0.89,0.5,39.272
0.46,0.61,13.465
0.91,0.82,79.088
0.49,0.25,7.2492
0.79,0.37,22.472
0,0.4,2.18
0.25,0.16,2.8949
0.68,0.14,10.181
0.59,1,43.398
0.89,0.18,20.59
0.23,0.7,7.9126
0.13,0.01,1.6077
0.6,0.89,35.832
0.3,0.18,3.5196
0.14,0.32,2.9549
0.77,0.2,15.004
0.11,0.4,3.1535
0.03,0.91,6.7478
0.67,0.49,19.882
0.06,0.04,1.31
0.15,0.13,2.0693
0.8,0.91,68.063
0.36,0.58,9.4008
0.48,0.78,20.078
0.47,0.72,17.209
0.8,0.53,31.801
0.33,0.73,11.589
0.87,0.7,55.115
0.19,0.22,2.7671
0.96,0.54,52.452
0.58,0.32,10.725
0.32,0.32,5.0406
0.06,0.61,3.9208
0.19,0.02,1.8266
0.13,0.66,5.5125
0.51,0.88,26.763
0.52,0.35,9.6214
0.2,0.73,7.8483
0.34,0.86,15.471
0.54,0.14,6.6641
0.1,0.86,7.5536
0.6,0.24,9.9085
0.81,0.21,17.293
1,0.26,33.772
0.37,0.97,21.098
0.66,0.39,15.802
0.14,0.86,8.5425
0.55,0.57,16.376
0.95,0.35,34.756
0.41,0.86,19.203
0.94,0.17,23.539
0.24,0.46,5.1688
0.17,0.02,1.75
0.47,0.05,4.5462
0.86,0.16,18.134
0.24,0.22,3.2855
0.74,0.45,22.617
0.99,0.17,27.316
0.48,0.26,6.9744
0.16,0.85,8.886
0.61,0.42,14.41
0.29,0.3,4.3268
0.16,0.75,7.2092
0.71,0.14,11.106
0.95,0.43,40.914
0.97,0.19,26.83
0.4,0.46,8.2794
0.76,0.85,53.498
0.62,0.9,38.927
0.3,0.01,2.4891
0.92,0.22,24.516
0.17,0.1,1.9802
0.26,0.59,7.0577
0.03,0.28,1.8548
0.34,0.39,6.05
0.39,0.77,15.016
0.26,0.14,3.0105
0.41,0.02,3.6504
0.13,0.06,1.6605
0.56,0.95,35.864
0.74,0.2,13.773
0.9,0.34,29.368
0,0.58,3.2752
0.69,0.31,14.821
0.01,0.53,3.072
0.52,0,4.6858
1,0,20.006
0.37,0.52,8.5693
0,0.51,2.6478
0.18,0.25,2.7924
0.02,0.63,3.717
0.09,0.29,2.3097
0.87,0.91,83.871
0.55,0.55,15.713
0.94,0.86,93.728
0.47,0.69,16.248
0.22,0.79,9.4427
0.06,0.55,3.6438
0.24,0.16,2.7704
0.53,0.04,5.2795
0.72,0.31,16.157
0.92,0.57,49.345
0.93,0.27,27.826
0.93,0.1,19.888
0.27,0.66,8.2816
0.03,0.85,5.9623
0.94,0.9,101.43
0.66,0.94,47.519
0.52,0.62,16.433
0.42,0.83,18.559
0.43,0.96,24.77
0.15,0.04,1.7936
0.18,0.55,5.2259
0.71,0.82,43.411
0.05,0.18,1.7779
0.65,0.87,40.061
0.26,0.72,9.2114
0.29,0.36,4.8494
0.22,0.56,5.9452
0.25,0.08,2.4865
0.05,0.74,5.1184
0.06,0.52,3.3672
0.35,0.18,4.0757
0.2,0.11,2.2022
0.54,0.56,15.497
0.6,0.29,10.84
0.7,0.72,34.456
0.86,0.41,30.009
0.97,0.02,19.115
0.79,0.06,12.079
0.37,0.12,3.9379
0.47,0.45,10.154
0.59,0.07,6.6799
0.5,0.55,13.392
0.41,0.24,5.5397
0.6,0.46,15.259
0.8,0.09,13.12
0.83,0.92,75.963
0,0.17,1.3619
0.4,0.76,15.16
0.18,0.9,10.417
0.42,0.42,8.1594
0.53,0.23,7.7884
0.9,0.24,24.054
0.15,0.6,5.2858
0.65,0.8,34.734
0.9,0.45,36.664
0.46,0.44,9.577
0.66,0.06,8.008
0.21,0.81,9.4967
0.13,0.99,10.572
0.61,0.98,44.285
0.2,0.39,4.0362
0.23,0.58,6.4663
0.84,0.76,56.897
0.33,0.72,11.356
0.41,0.38,7.3131
0.55,0.02,5.3937
0.26,0.29,3.8773
0.95,0,17.301
0.5,0.37,9.448
0.91,0.27,26.257
0.93,0.04,17.583
0.43,0.17,5.1296
0.25,0.78,10.096
0.32,0.06,2.9377
0.03,0.72,4.6185
0.55,0.43,12.316
0.09,0.56,4.0098
0.58,0.68,22.208
0.75,0.62,32.883
0.19,0.68,6.9757
0.56,0.23,8.4953
0.1,0.27,2.3654
0.66,0.44,17.468
0.43,0.48,9.4758
0.05,0.84,6.1397
0.54,0.4,11.289
0.94,0.93,107.75
0.29,0.28,4.1377
0.37,0.89,17.955
0.14,0.1,1.9045
0.42,0.66,13.111
0.8,0.01,11.295
0.02,0.94,6.8751
0.9,0.99,107.7
0.43,0.41,8.2497
0.89,0.78,68.656
0.67,0.08,8.7184
0.49,0.77,20.247
0.03,0.58,3.4709
0.25,0.07,2.4084
0.37,0,2.9941
0.6,0.65,22.211
0.87,0.39,29.739
0.54,0.42,11.726
0.68,0.12,9.7532
0.61,0.35,12.541
0.58,0.39,12.49
0.52,0.33,9.275
0.44,0.35,7.5851
0.45,0.75,17.215
0.39,0.99,23.343
0.17,0.67,6.3908
0.59,0.09,6.9931
0.38,0.21,4.8729
0.15,0.91,9.6603
0.36,0.92,18.52
0.96,0.71,73.623
0.78,0.73,44.618
0.19,0.39,3.9198
0.57,0.54,16.203
0.77,0.92,63.514
0.78,0.68,40.436
0.61,0.01,6.274
0.96,0.47,45.661
0.11,0.52,3.9038
0.81,0.77,52.981
0.07,0.1,1.6181
0.21,0.7,7.6081
0.41,0.75,15.342
0.82,0.69,46.559
0.7,0.34,16.143
0.97,0.21,27.92
0.67,0.18,10.671
0.23,0.37,4.1732
0.6,0.53,17.565
0.93,0.42,37.776
0.66,0.2,10.795
0.28,0.37,4.7943
0.13,0.08,1.7345
0.13,0.24,2.504
0.21,0.47,4.8344
0.36,0.98,20.939
0.75,0.07,10.946
0.82,0.67,44.674
0.87,0.5,36.935
0.93,0.87,92.832
0.08,0.61,4.4285
0.97,0.85,100.45
0.61,0.79,30.299
0.08,0.77,5.8388
0.57,0.26,9.2739
0.74,0.34,18.063
0.46,0.13,5.0692
0.77,0.67,38.452
0.64,0.83,35.838
0.52,0.58,15.242
0.28,0.28,4.0648
0.24,0.31,3.8439
0.68,0.21,11.79
0.81,0.47,29.158
0.95,0.45,42.45
0.8,0.71,45.526
0.89,0.24,23.401
0.35,0.17,4.0377
0.85,0.85,70.164
0.78,0.81,52.328
0.93,0.65,59.729
0.26,0.98,15.548
0.56,0.13,7.0486
0.9,0.85,81.446
0.29,0.16,3.2487
1,0.95,134.28
0.58,0.03,6.0989
0.42,0.99,25.621
0.86,0.18,18.84
0.72,0.35,17.437
0.65,0.42,16.147
0.28,0.91,14.379
0.93,0.45,40.088
0.06,0.13,1.5507
0.51,0.8,22.813
0.19,0.26,2.9044
0.53,0.92,30.848
0.74,0.38,19.747
0.58,0.75,25.554
0.28,0.2,3.5143
0.93,0.83,85.594
0.74,0.98,65.418
0.15,0.71,6.4721
0.1,0.09,1.6599
0.76,0.55,29.364
0.76,0.88,56.766
0.07,0.55,3.7324
1,0.27,34.342
0.95,0.97,120.25
0.38,0.24,5.0573
0.65,0.88,40.73
0.52,0.97,33.136
0.94,0.92,105.68
0.11,0.39,3.0536
0.28,0.54,6.8485
1,0.72,84.843
0.01,0.82,5.3427
0.3,0.39,5.3681
0.28,0.72,9.6603
0.95,0.28,30.256
0.72,0.92,54.622
0.03,0.54,3.1938
0.02,0,1.0091
0.76,0.13,12.734
0.56,0.08,6.2592
0.78,0.11,12.951
0.16,0.15,2.2335
0.03,0.08,1.2115
0.63,0.95,44.199
0.33,0.92,16.952
0.95,0.2,25.833
0.27,0.82,11.442
0.47,0.82,21.156
0.08,0.5,3.5123
0.88,0.76,64.11
0.1,0.33,2.6192
0.34,0.03,2.9693
0.57,0.7,22.421
0.38,0.65,11.429
0.78,0.41,23.572
0.33,0.36,5.5479
0.31,0.65,9.2893
0.43,0.94,23.753
0.64,0.48,17.839
0.53,0.21,7.5449
0.93,0.16,22.447
0.56,0.49,14.348
0.23,0.88,11.517
0.78,0.44,24.975
0,0.15,1.2782
0.17,0.11,2.078
0.92,0.46,39.65
0.49,0.87,24.859
0.86,0.43,31.221
0.81,0.75,50.93
0.21,0.74,8.1965
0.55,0.5,14.164
0.46,0.02,4.1487
0.48,0.48,10.967
0.96,0.69,70.837
0.7,0.93,52.473
0.52,0.01,4.8432
0.59,0.73,25.205
0.24,0.95,13.644
0.32,0.02,2.7006
0.15,0.79,7.6071
0.1,0.79,6.5596
0.43,0.38,7.8154
0.39,0.16,4.4568
0.8,0.82,56.908
0.31,0.09,3.0277
0.68,0.97,53.575
0.69,0.73,34.156
0.59,0.74,25.771
0.67,0.35,14.88
0.18,0.79,8.268
0.58,0.23,9.0518
0.61,0.6,20.638
0.71,0.37,17.621
0.13,0.46,3.784
0.29,0.5,6.4762
0.28,0.97,16.04
0.45,0.9,23.322
0.8,0.36,22.622
0.71,0.91,51.986
0.47,0.16,5.7294
0.85,0.32,24.131
0.44,0.6,12.498
0.21,0.85,10.291
0.55,0.83,27.389
0.79,0.11,13.204
0.85,0.45,31.546
0.12,0.2,2.1381
0.09,0.62,4.6257
0.57,0.08,6.5254
0.84,0.19,18.16
0.32,0.87,14.875
0.89,0.32,27.32
0.2,0.45,4.4879
0.63,0.07,7.6306
0.45,0.87,21.895
0.53,0.76,22.432
0.08,0.95,8.3791
0.7,0.1,9.8748
0.09,0.93,8.4205
0.14,0.72,6.3513
0.16,0.44,3.8748
0.12,0.83,7.5492
0.26,0.22,3.3199
0.49,0.7,17.717
0.32,0.84,13.925
0.48,0.53,12.154
0.34,0.91,17.102
0.92,0.38,33.82
0.35,0.15,3.7932
0.12,0.29,2.6107
0.24,0.74,9.0417
0.55,0.76,23.803
0.73,0.41,20.209
0.16,0.89,9.6291
0.8,0.89,65.395
0.58,0.83,29.851
0.19,0.04,1.9081
0.96,0.46,44.649
0.9,0.83,78.358
0.41,0.63,11.992
0.09,0.72,5.5457
0.31,0.64,9.0929
0.63,0.31,12.333
0.22,0.59,6.3311
0.86,0.2,19.742
0.56,0.63,19.015
0.73,0.1,10.862
0.66,0.33,13.968
0.66,0.3,13.161
0.83,0.42,27.929
0.54,0.68,19.75
0.62,0.42,14.842
0.73,0.45,21.992
0.51,0.31,8.6627
0.04,0.46,2.7586
0.53,0.34,9.6581
0.13,0.97,10.292
0.53,0.26,8.2237
0.6,0.71,25.041
0.02,0.16,1.3762
0.67,0.33,14.439
0.06,0.92,7.5318
0.44,0.89,22.173
0.47,0.37,8.5484
0.81,0.54,33.498
0.63,0.19,9.6959
0.15,1,11.685
0.2,0.66,6.8172
0.04,0,1.0311
0.03,0.71,4.485
0.31,0.79,12.257
0.38,0.84,16.737
0.14,0.42,3.523
0.4,0.8,16.325
0.99,0.84,104.5
0.51,0.76,21.12
0.61,0.55,18.716
0.09,0.27,2.2818
0.76,0.36,20.061
0.89,0.13,18.69
0.64,0.8,33.867
0.89,0.58,46.072
0.03,0.5,3.0079
0.91,0.86,85.567
0.57,0.2,8.2096
0.23,0.04,2.2338
0.28,0.12,2.9608
0.27,0.94,14.712
0.77,0.1,12.283
0.04,0.41,2.5388
0.96,0.01,18.116
0.42,0.18,5.0569
0.2,0.83,9.621
0.96,0.9,107.74
0.14,0.35,3.1301
0.69,0.6,26.289
0.77,0.31,18.727
0.32,0.38,5.5475
0.85,1,94.662
0.09,0.83,6.9082
0.45,0.62,13.373
0.9,0.59,48.413
0.62,0.69,25.562
0.8,0.22,17.077
0.62,0.25,10.548
0.96,0.93,114.51
0.51,0.25,7.529
0.36,0.4,6.448
0.5,0.85,24.558
0.62,0.47,16.416
0.81,0.67,43.426
0.82,0.86,65.301
0.55,0.06,5.8469
0.89,0.35,29.178
0.94,0.03,17.925
0.02,0.35,2.1705
0.28,0.13,3.0107
0.87,0.98,96.508
0.03,0.76,4.9393
0.58,0.43,13.436
0.17,0.31,3.0556
0.23,0.92,12.569
0.37,0.09,3.659
0.74,0.3,16.675
0.84,0.15,16.719
0.69,0.7,32.06
0.22,0.95,12.969
0.09,0.57,4.0532
0.32,0.7,10.51
0.55,0.14,6.9326
0.4,0.3,6.1318
0.2,0.71,7.4211
0.58,0.61,19.282
0.94,0.64,60.383
0.43,0.36,7.5415
0.63,0.52,18.749
0.8,0.81,55.606
0.19,0.33,3.4263
0.72,0.21,13.173
0.32,0.46,6.5201
0.22,0.89,11.421
0.42,0.22,5.4024
0.3,0.76,11.256
0.73,0.34,17.547
0.19,0.32,3.2975
0.66,0.47,18.493
0.77,0.4,22.36
0.64,1,50.39
0.68,0.23,12.231
0.76,0.28,17.042
0.48,0.84,22.715
0.28,0.52,6.5555
0.3,0.29,4.3159
0.9,0.46,37.387
0.53,0.72,20.711
0.73,0.78,42.557
0.31,0.36,5.1906
0.05,0.23,1.8265
0.91,0.87,87.342
0.42,0.29,6.3845
0.36,0.73,12.678
0.15,0.02,1.617
0.05,0.49,3.1299
0.46,0.05,4.3233
0.45,0.43,9.1374
0.56,0.36,11.008
0.29,0.32,4.5502
0.35,0.6,9.477
0.71,0.68,32.716
0.54,0.5,13.732
0.17,0.35,3.3709
0.21,0.34,3.8056
0.77,0.47,25.757
0.64,0.55,20.491
0.5,0.06,4.9971
0.54,0.41,11.506
0.73,0.75,40.009
0.13,0.1,1.7643
1,0.55,60.278
0.62,0.71,26.581
0.14,0.3,2.846
0.44,0.12,4.7755
0.76,0.54,28.755
0.16,0.36,3.3754
0.15,0.49,4.1761
0.69,0.84,42.51
0.54,0.35,10.208
0.14,0.83,7.8747
0.17,0.82,8.7018
0.71,0.59,27.461
0.91,0.34,30.213
0.87,0.76,62.139
0.74,0.39,20.076
0.77,0.32,19.022
0.64,0.38,14.513
0.83,0.76,55.176
0.72,0.14,11.457
0.87,0.87,77.632
0.37,0.55,9.1009
0.88,0.99,101.42
0.92,0.41,35.858
0.84,0.17,17.426
0.76,0.24,15.779
0.6,0.61,20.552
0.62,0.7,26.103
0.86,0.09,15.748
0.42,0.3,6.4271
0.31,0.49,6.7588
1,0.98,142.58
0.27,0.47,5.8573
0.74,0.51,25.536
0.86,0.76,60.263
0.29,0.24,3.8026
0.05,0.95,7.7506
0.24,0.39,4.4307
0.19,0,1.7463
0.42,0.51,9.7353
0.23,0.8,9.7642
0.48,0.41,9.6786
0.17,0.83,8.7265
0.09,0.09,1.4717
0.33,0.77,12.546
0.47,0.99,29.649
0.39,0.82,16.642
0.59,0.52,16.644
0.84,0.61,42.105
0.53,0.08,5.7006
0.95,0.38,36.985
0.94,0.8,83.141
0.77,0.71,41.736
0.16,0.69,6.4846
0.47,0.54,12.051
0.34,0.14,3.545
0.57,0.29,9.8622
0.52,0.29,8.4682
0.47,0.32,7.8056
0.49,0.72,18.299
0.56,0.8,26.66
0.76,0.02,10.215
0.07,0.5,3.4115
0.79,0.98,75.926
0.21,0.65,6.8112
0.09,0.85,7.1629
0.82,0.98,83.07
0.06,0.17,1.6827
0.14,0.88,8.814
0.45,0.61,12.989
0.12,0.85,7.9121
0.02,0.67,4.0544
0.41,0.09,4.1798
0.5,0.1,5.5102
0.2,0.07,2.0464
1,0.83,105.72
0.37,0.84,16.42
0.94,0.31,31.199
0.71,0.54,24.748
0.69,0.67,30.391
0.79,0.04,11.644
0.58,0.16,7.8015
0.49,0.57,13.66
0.41,0.66,12.832
0.58,0.48,14.85
0.66,0.79,35.219
0.33,0.78,12.804
0.92,0.58,50.422
0.92,0.23,25.042
0.16,0.3,2.847
0.78,0.94,67.98
0.29,0.09,2.8325
0.17,0.12,2.184
0.91,1,113.35
0.88,0.82,72.176
0.22,0.57,6.0245
0.18,0.6,5.5761
0.11,0.74,6.1067
0.76,0.75,43.745
0.18,0.69,6.7847
0.27,0.19,3.2939
0.44,0.1,4.6249
0.72,0.06,9.7161
0.77,0.11,12.615
0.35,0.57,9.0485
0.65,0.23,11.082
0.39,0.67,12.312
0.1,0.55,4.0976
0.62,0.35,12.867
0.84,0.1,15.115
0.14,0.18,2.2805
0.53,0.87,27.901
0.02,0.44,2.4878
0.36,0.78,13.989
0.21,0.75,8.4475
0.95,0.94,113.25
0.97,0.75,82.2
0.6,0.99,43.82
0.85,0.05,14.237
0.07,0.04,1.4275
0.73,0,9.0432
0.24,0,2.0405
0.48,0.27,7.234
0.06,0.12,1.4409
0.14,0.04,1.6548
0.53,0.3,8.8791
0.64,0.45,16.776
0.53,0.89,29.072
0.09,0.02,1.4038
0.37,0.74,13.272
0.08,0.74,5.6346
0.98,0.4,42.06
0.59,0.95,39.23
0.77,0.51,27.923
0.64,0.84,36.55
0.07,0.85,6.694
0.75,0.97,66.019
0.16,0.53,4.7034
0.08,0.24,1.9728
0.22,0.7,7.7871
0.39,0.3,5.9163
0.35,0.88,16.584
0.57,0.05,6.1869
0.93,0.93,104.61
0.79,0.48,27.974
0.32,0.24,4.2111
0.06,0.75,5.35
0.17,0.57,5.1512
0.96,0.83,93.703
0.22,0.88,11.192
0.41,0.64,12.251
0.23,0.9,12.027
0.5,0.67,17.028
0.69,0.22,12.25
0.62,0.07,7.3907
0.99,0.7,79.007
0.68,0.29,13.729
0.13,0.59,4.7881
0.72,0.56,26.635
0.12,0.08,1.6022
0.88,0.45,34.44
1,0.13,25.957
0.21,0.45,4.5546
0.61,0.52,17.611
0.89,0.89,85.61
0.1,0.95,8.9283
0.9,0.44,35.915
0.87,0.77,63.427
0.28,0.27,3.9341
0.47,0.25,6.6515
0.09,0.11,1.6294
0.39,0.37,6.7267
0.52,0.82,24.513
0.95,0.79,83.987
0.6,0.98,43.03
0.92,0.87,90.106
0.49,0.42,10.058
0.67,0.07,8.5551
0.07,0.35,2.4904
0.54,0.31,9.4447
0.52,0.93,30.597
0.62,0.24,10.44
0.34,0.27,4.7033
0.12,0.88,8.2913
0.11,0.71,5.7783
0.4,0.4,7.3602
0.05,0.92,7.32
0.41,0.36,7.0858
0.2,0.99,13.248
0.02,0.96,7.2104
0.65,0.18,10.081
0.43,0.05,3.939
0.57,0.93,35.483
0.6,0.1,7.326
0.05,0.26,2.0003
0.04,0.71,4.6903
0.71,0.26,14.121
0.86,0.34,26.006
0.91,0.11,19.076
0.82,0.71,48.422
0.95,0.56,52.999
0.28,1,17.09
0.6,0.18,8.6592
0.52,0.79,23.207
0.94,0.39,36.594
0.61,0.86,34.945
0.07,0.73,5.282
0.5,0.81,22.612
0.05,0.08,1.3753
0.69,0.36,16.343
0.52,0.09,5.6735
0.68,0.73,33.135
0.64,0.32,12.954
0.52,0.16,6.591
0.4,0.05,3.6692
0.95,0.81,87.319
0.02,0.88,6.1893
0.64,0.16,9.4107
0.98,0.84,101.52
0.2,0.02,1.8976
0.43,0.13,4.7653
0.66,0.6,24.055
0.39,0.84,17.251
0.96,0.82,91.845
0.27,0.37,4.6761
0.79,0.78,50.822
0.31,0.3,4.5434
0.27,0.65,8.2643
0.09,0.88,7.5969
0.8,0.47,28.248
0.61,0.08,7.3466
0.5,0.14,5.797
0.2,0.56,5.5975
0.98,0.9,114.42
1,0.74,88.223
0.35,0.93,18.272
0.28,0.01,2.3373
0.93,0.75,73.055
1,0.85,109.98
0.6,0.06,6.7927
0.07,0.3,2.2407
0.91,0.28,26.846
0.73,0.99,64.708
0.94,0.75,75.286
0.41,0.7,13.855
0.15,0.69,6.2448
0.76,0.09,11.747
0.08,0.91,7.8412
0.92,0.06,17.689
0.39,0.6,10.665
0.33,0.26,4.5502
0.63,0.83,34.787
0.83,0.95,80.63
0.84,0.14,16.399
0.64,0.73,29.357
0.32,0.1,3.113
0.22,0.77,9.0003
0.63,0.45,16.317
0.62,0.8,31.861
0.72,0.85,47.427
0.86,0.54,38.916
0.64,0.53,19.706
0.36,0.06,3.2548
0.93,0.47,41.703
0.78,0.22,16.093
0.53,0.77,22.889
0.57,0.46,13.988
0.65,0.65,25.865
0.36,0.99,21.363
0.51,0.43,11.007
0.3,0.33,4.7948
0.34,0.85,15.243
0.7,0.96,55.677
0.99,0.35,39.258
0.63,0.94,43.429
0.37,0.39,6.7101
0.2,0.81,9.2576
0.78,0.75,46.362
0.85,0.86,71.582
0.57,0.44,13.201
0.25,0.66,7.8767
0.26,0.41,4.9497
0.48,0.4,9.4319
0.27,0.28,3.9812
0.08,0.93,8.213
0.71,0.12,10.683
0.06,0.9,7.3649
0.36,0.11,3.7554
0.87,0.44,32.749
0.6,0.92,37.928
0.25,0.83,11.132
0.69,0.45,19.47
0.62,0.5,17.426
0.91,0.25,25.302
0.09,0.47,3.4085
0.6,0.51,16.794
0.29,0.56,7.2793
0.34,0.38,5.9372
0.02,0.99,7.7407
0.3,0.66,9.2295
0.92,0.51,43.784
0.35,0.71,11.826
0.48,0.64,15.149
0.19,0.86,9.7953
0.72,0.62,29.993
0.29,0.95,15.993
0.62,0.75,28.679
0.78,0.85,56.847
0.33,0.28,4.7181
0.35,0.02,3.0491
0.82,0.9,70.729
0.67,0.65,27.488
0.03,0.3,1.9776
0.64,0.29,12.22
0.3,0.67,9.4364
0.23,0.72,8.3601
0.11,0.59,4.5951
0.49,0.17,6.1084
0.1,0.51,3.8536
0.8,0.76,50.447
0.32,0.63,9.1918
0.22,0.41,4.387
0.02,0.92,6.7695
0.35,0.92,17.984
0.21,0.77,8.7945
0.96,0.17,25.052
0.73,0.84,47.988
0.8,0.02,11.483
0.19,0.9,10.751
0.68,0.33,14.887
0.4,0.25,5.6292
0.25,0.6,7.0278
0.03,0.27,1.9849
0.77,0.95,67.351
0.39,0.35,6.4185
0.1,0.94,8.8816
0.79,0.01,10.833
0.47,0.75,18.302
0.12,0.19,2.2125
0.35,0.56,8.7827
0.59,0.33,11.333
0.74,0.09,11.054
0.88,0.23,22.189
0.49,0.4,9.6841
0.94,0.04,18.153
0.63,0.93,42.529
0.76,0.87,55.664
0.35,0.24,4.5642
0.07,0.28,2.0672
0.55,0.31,9.7067
0.11,0.53,4.0338
0.32,0.12,3.4118
0.54,0.9,30.677
0.7,0.06,9.1966
0.43,0.89,21.577
0,0.93,6.4244
0.22,0.23,3.041
0.14,0.36,3.0931
0.3,0.02,2.5362
0.59,0.06,6.5221
0.3,0.1,2.9953
0.65,0.02,7.2448
0.44,0.53,10.804
0.82,0.84,62.78
0.42,0.08,4.0565
0.76,0.86,54.57
0.01,0.33,2.0248
0.92,0.77,73.7
0.95,0.83,90.824
0.23,0.08,2.4353
0.19,0.8,8.7334
0.88,0.14,18.557
0.65,0.08,8.216
0.9,0.72,62.762
0.59,0.65,21.559
0.85,0.81,64.764
1,0.87,114.49
0.09,0.67,5.0387
0.55,0.53,15.065
0.33,0.3,5.0235
0.99,0.16,26.803
0.72,0.88,50.38
0.22,0.81,9.7558
0.41,0.48,8.8332
0.96,0.52,50.395
0.76,0.39,21.308
0.63,0.73,28.448
0.28,0.87,13.163
0.19,0.21,2.6544
0.85,0.92,80.601
0.14,0.73,6.5622
0.22,0.14,2.5749
0.98,0.82,97.574
0.66,0.03,7.7805
0.5,0.32,8.4599
0.12,0.75,6.3418
0,0.61,3.5041
0.06,0.8,5.8627
0.74,0.67,35.204
0.01,0.56,3.2303
0.79,0.61,36.249
0.21,0.98,13.334
0.29,0.08,2.7541
0.44,0.18,5.4737
0.96,0.77,83.115
0.69,0.97,55.084
0.65,0.54,20.762
0.09,0.51,3.5971
0.21,0.15,2.5099
0.11,0.31,2.5335
0.7,0.63,28.819
0.27,0.03,2.3694
0.93,1,120.32
0.01,0.3,1.9809
0.78,0.98,73.69
0.43,0.21,5.4639
0.62,0.45,15.787
0.55,0.37,10.809
0.16,0.45,3.9722
0.8,0.6,36.586
0.1,0.4,3.0312
0.36,0.3,5.3592
0.09,0.43,3.0716
0.9,0.17,21
0.77,0.9,60.878
0.52,0.14,6.2094
0.24,0.7,8.3952
0.5,0.35,9.0735
0.39,0.25,5.3728
0.41,0.01,3.3973
0.13,0.61,4.9666
0.29,0.45,5.9662
0.1,0.62,4.6542
0.68,0.31,14.331
0.3,0.87,14.076
0.64,0.67,26.049
0,0.76,4.6822
0.23,0.83,10.584
0.06,0.54,3.5013
0.98,0.22,29.418
0.41,0.14,4.5142
0.76,0.76,44.624
0.11,0.76,6.2631
0.98,0.42,43.858
0.44,0.65,13.676
0.99,0.67,74.436
0.91,0.18,22.018
0.84,0.49,32.992
0.52,0.87,27.157
0.99,0.71,80.625
0.66,0.88,42.1
0.43,0.24,5.7795
0.62,0.62,22.173
0.79,1,78.985
0.95,0.75,77.534
0.27,0.1,2.7549
0.06,0.83,6.2748
0.21,0.23,2.8659
0.56,0.33,10.377
0.44,0.72,15.747
0.12,0.21,2.0895
0.97,0.29,32.782
0.1,0.05,1.4913
0.22,0.12,2.3907
0.49,0.27,7.3897
0.03,0.9,6.681
0.19,0.15,2.4296
0.77,0.66,37.694
0.98,0.24,30.633
0.4,0.99,24.056
0.94,0.24,27.03
0.2,0.67,6.9185
0.24,0.35,4.1973
0.29,0.66,8.9001
0.81,0.27,19.465
0.75,0.72,40.008
0.76,0,9.8559
0.49,0.66,16.195
0.24,0.47,5.3264
1,0.64,72.227
0.35,0.2,4.3281
0.05,0.37,2.3869
0.01,0.24,1.7148
0.86,0.63,46.496
0.27,0.44,5.5065
0.27,0.98,15.86
0.15,0.25,2.5081
0.88,0.73,60.285
0.78,0.48,27.13
0.91,0.84,82.253
0.9,0.15,20.092
0.61,0.81,31.473
0.5,0.33,8.6254
0.22,0.85,10.454
0.91,0.96,104.56
0.78,0.55,31.229
0.61,0.51,17.244
0.61,0.68,24.257
0.49,0.52,12.347
0.28,0.94,15.216
0.59,0.92,37.014
0.84,0.7,50.454
0.42,0.43,8.3318
0.92,0.97,110
0.22,0.68,7.4724
0.56,0.7,21.738
0.1,0.84,7.2066
0.77,0.59,32.782
0.77,0.02,10.501
0.59,0.22,9.1735
0.65,0.19,10.326
0.57,0.92,34.808
0.47,0.89,24.325
0.59,0.13,7.5113
0.52,0.23,7.5041
0.75,0.73,40.863
0.34,0.13,3.6276
0.88,0.69,55.744
0.65,0.57,22.019
0.02,0.3,1.9612
0.52,0.72,20.071
0.39,0.98,22.811
0.12,0.34,2.8386
0.21,1,13.889
0.72,0.42,20.123
0.44,0.88,21.76
0.83,0.24,19.569
0.13,0.19,2.1483
0.25,0.56,6.5223
0.22,0.25,3.2907
0.32,0.49,7.006
0.47,0.38,8.6951
0.09,0.18,1.9004
0.58,0.58,18.158
0.6,0.36,12.398
0.23,0.96,13.593
0.98,0.55,56.834
0.06,0.6,3.9536
0.91,0.07,17.762
0.97,0.65,67.37
0.03,0.47,2.686
0.13,0.2,2.1504
0.37,0.91,18.78
0.99,0.39,42.499
0.8,0.19,16.081
0.3,0.84,13.165
0.23,0.43,4.777
0.36,0.74,12.902
0,0.71,4.1804
0.29,0.68,9.2075
0.23,0.95,13.332
0.26,0.05,2.3703
0.49,0.73,18.726
0.16,0.99,11.688
0.45,0.2,5.6592
0.8,0.87,62.816
0.34,0.73,11.964
0.01,0.7,4.1786
0.79,0.34,21.112
0.3,0.35,4.9046
0.31,0.37,5.2955
0.16,0.34,3.3105
0.85,0.35,25.966
0.07,0.82,6.2866
0.7,0.47,20.834
0.81,0.1,13.959
0.97,0.23,29.093
0.33,0.16,3.6548
0.14,0.7,6.1118
0.73,0.4,19.976
0.79,0.72,45.123
0.52,0.42,10.967
0.14,0.97,10.543
0.26,0.02,2.1919
0.19,0.23,2.7338
0.14,0.13,2.0433
0.9,0.62,51.434
0.62,0.94,42.055
0.99,0.18,27.897
0.49,0.24,7.0256
0.56,0.87,30.575
1,0.35,40.448
0.28,0.4,5.1319
0.8,0.69,43.847
0.06,0.65,4.3952
0.7,0.28,14.408
0.35,0.62,9.8389
0.86,0.62,45.541
0.72,0.86,48.501
0.32,0.33,5.0932
0.19,0.95,11.744
0.37,1,22.369
0.69,0.25,13.054
0.44,0.24,6.0049
0.51,0.06,5.2837
0.05,0.42,2.7249
0.21,0.73,8.0025
0.46,0.18,5.6746
0.85,0.98,90.857
0.72,0.32,16.465
0.82,0.76,53.428
0.36,0.53,8.3878
0.63,0.37,13.831
0.65,0.84,37.733
0.54,0.25,8.4377
0.69,0.51,21.955
0.77,0.61,34.021
0.46,0.51,10.96
0.28,0.66,8.7126
0.08,0.52,3.594
0.17,0.16,2.2441
0.18,0.83,8.9978
0.56,0.42,12.407
0.55,0.59,16.903
0.67,0.17,10.486
0.52,0.92,29.94
0.33,0.51,7.4258
0.86,0.36,27.157
0.25,0.03,2.2636
0.93,0.57,50.832
0.79,0.28,18.685
0.88,0.6,46.423
0.72,0.52,24.615
0.84,0.33,24.034
0.68,0.38,16.384
0.02,0.95,7.0858
0.46,0.31,7.4574
0.66,0.04,7.8572
0.92,0.03,16.68
0.22,0.83,10.134
0.14,0.94,9.9032
0.23,0.35,4.054
0.86,0.77,61.55
0,0.03,1.0764
0.2,0.76,8.3385
0.49,0.45,10.751
0.41,0.21,5.2401
0.12,0.16,1.9845
0.32,0.66,9.7803
0.78,0.09,12.41
0.68,0.65,28.256
0.4,0.57,10.377
0.9,0.53,42.961
0.25,0.31,3.8843
0.93,0.12,20.759
0.79,0.21,16.336
0.11,0.14,1.8319
0.3,0.68,9.5742
0.76,0.83,51.409
0.72,0.78,41.231
0.71,0.55,25.225
0.54,0.57,15.791
0.12,0.57,4.4015
0.64,0.75,30.529
0.1,0.61,4.5266
0.21,0.88,10.938
0.68,0.46,19.216
0.28,0.49,6.1434
0.01,0.76,4.7376
0.52,0.24,7.6795
0.33,0.69,10.682
0.27,0.26,3.7559
0.03,0.61,3.7004
0.26,0.4,4.861
0.79,0.9,64.618
1,0.5,54.548
0.99,0.51,54.025
0.81,0.29,20.237
0.6,0.87,34.432
0,0.34,2.0706
0.64,0.02,7.1737
0.85,0.38,27.34
0.46,0.82,20.551
